--
-- Script was generated by Devart dbForge Studio 2020 for MySQL, Version 9.0.338.0
-- Product home page: http://www.devart.com/dbforge/mysql/studio
-- Script date 9/23/2022 9:14:08 AM
-- Server version: 8.0.30
-- Client version: 4.1
--

-- 
-- Disable foreign keys
-- 
/*!40014 SET @OLD_FOREIGN_KEY_CHECKS=@@FOREIGN_KEY_CHECKS, FOREIGN_KEY_CHECKS=0 */;

-- 
-- Set SQL mode
-- 
/*!40101 SET @OLD_SQL_MODE=@@SQL_MODE, SQL_MODE='NO_AUTO_VALUE_ON_ZERO' */;

-- 
-- Set character set the client will use to send SQL statements to the server
--
SET NAMES 'utf8';

--
-- Set default database
--
USE `daotao.ai.2022.thbinh`;

--
-- Drop table `employee`
--
DROP TABLE IF EXISTS employee;

--
-- Drop procedure `Proc_Employee_GetAllEmployee`
--
DROP PROCEDURE IF EXISTS Proc_Employee_GetAllEmployee;

--
-- Drop procedure `Proc_Employee_GetByEmployeeID`
--
DROP PROCEDURE IF EXISTS Proc_Employee_GetByEmployeeID;

--
-- Drop procedure `Proc_Employee_GetPaging`
--
DROP PROCEDURE IF EXISTS Proc_Employee_GetPaging;

--
-- Drop table `positions`
--
DROP TABLE IF EXISTS positions;

--
-- Drop table `department`
--
DROP TABLE IF EXISTS department;

--
-- Set default database
--
USE `daotao.ai.2022.thbinh`;

--
-- Create table `department`
--
CREATE TABLE department (
  DepartmentId char(36) NOT NULL DEFAULT '' COMMENT 'ID phòng ban',
  DepartmentCode varchar(20) NOT NULL DEFAULT '' COMMENT 'Mã phòng ban',
  DepartmentName varchar(255) NOT NULL DEFAULT '' COMMENT 'Tên phòng ban',
  CreatedDate datetime DEFAULT NULL COMMENT 'Ngày tạo',
  CreatedBy varchar(100) DEFAULT NULL COMMENT 'Người tạo',
  ModifiedDate datetime DEFAULT NULL COMMENT 'Ngày chỉnh sửa gần nhất',
  ModifiedBy varchar(100) DEFAULT NULL COMMENT 'Người chỉnh sửa gần nhất',
  PRIMARY KEY (DepartmentId)
)
ENGINE = INNODB,
AVG_ROW_LENGTH = 2340,
CHARACTER SET utf8mb4,
COLLATE utf8mb4_general_ci,
COMMENT = 'Bảng thông tin phòng ban';

--
-- Create index `DepartmentCode` on table `department`
--
ALTER TABLE department
ADD UNIQUE INDEX DepartmentCode (DepartmentCode);

--
-- Create table `positions`
--
CREATE TABLE positions (
  PositionID char(36) NOT NULL DEFAULT '' COMMENT 'ID vị trí',
  PositionCode varchar(20) NOT NULL DEFAULT '' COMMENT 'Mã vị trí',
  PositionName varchar(255) NOT NULL DEFAULT '' COMMENT 'Tên vị trí',
  CreatedDate datetime DEFAULT NULL COMMENT 'Ngày tạo',
  CreatedBy varchar(100) DEFAULT NULL COMMENT 'Người tạo',
  ModifiedDate datetime DEFAULT NULL COMMENT 'Ngày chỉnh sửa gần nhất',
  ModifiedBy varchar(100) DEFAULT NULL COMMENT 'Người chỉnh sửa gần nhất',
  PRIMARY KEY (PositionID)
)
ENGINE = INNODB,
AVG_ROW_LENGTH = 2340,
CHARACTER SET utf8mb4,
COLLATE utf8mb4_general_ci,
COMMENT = 'Bảng thông tin vị trí công việc';

--
-- Create index `PositionCode` on table `positions`
--
ALTER TABLE positions
ADD UNIQUE INDEX PositionCode (PositionCode);

DELIMITER $$

--
-- Create procedure `Proc_Employee_GetPaging`
--
CREATE PROCEDURE Proc_Employee_GetPaging (IN $Sort varchar(100), IN $Where varchar(500), IN $Skip int, IN $Take int)
SQL SECURITY INVOKER
NO SQL
COMMENT 'Store lấy dữ liệu phân trang trên grid nhân viên'
BEGIN
  -- tạo bảng lưu dữ liệu
  CREATE TEMPORARY TABLE IF NOT EXISTS `tmp_employee` (
    EmployeeID char(36),
    EmployeeCode varchar(20),
    EmployeeName varchar(100),
    Gender smallint(5),
    DateOfBirth date,
    IdentityNumber varchar(25),
    IdentityIssuedPlace varchar(255),
    IdentityIssuedDate date,
    Email varchar(50),
    PhoneNumber varchar(20),
    PositionID char(36),
    PositionName varchar(255),
    DepartmentID char(36),
    DepartmentName varchar(255),
    TaxCode varchar(20),
    Salary decimal(18, 4),
    JoiningDate date,
    WorkStatus smallint(5),
    CreatedDate datetime,
    CreatedBy varchar(255),
    ModifiedDate datetime,
    ModifiedBy varchar(255)
  );

  -- 
  INSERT INTO `tmp_employee`
    SELECT
      e.EmployeeID,
      e.EmployeeCode,
      e.EmployeeName,
      e.Gender,
      e.DateOfBirth,
      e.IdentityNumber,
      e.IdentityIssuedPlace,
      e.IdentityIssuedDate,
      e.Email,
      e.PhoneNumber,
      e.PositionID,
      p.PositionName,
      e.DepartmentID,
      d.DepartmentName,
      e.TaxCode,
      e.Salary,
      e.JoiningDate,
      e.WorkStatus,
      e.CreatedDate,
      e.CreatedBy,
      e.ModifiedDate,
      e.ModifiedBy
    FROM employees e
      LEFT JOIN departments d
        ON e.DepartmentID = d.DepartmentID
      LEFT JOIN positions p
        ON e.PositionID = p.PositionID;

  # phân trang
  -- Nếu như không có điều kiện query truyền vào thì gán 1=1 (điều kiện này luôn đúng - đây là 1 cách để set điều kiện query mặc định)
  IF IFNULL($Where, '') = '' THEN
    SET $Where = 'WHERE 1 = 1';
  END IF;

  IF IFNULL($Sort, '') = '' THEN
    SET $Sort = 'ModifiedDate DESC'; -- Hiện tại đang để default sắp xếp theo thời gian sửa giảm dần (có thể edit để thay đổi sắp xếp theo yêu cầu đề bài)
  END IF;
  IF $Take = -1 THEN
    SET @filterQuery = CONCAT('SELECT * FROM `tmp_employee` ', $Where, ' ORDER BY ', $Sort); -- Mặc định truyền -1 => Nếu truyền -1 sẽ lấy toàn bộ bản ghi
  ELSE
    SET @filterQuery = CONCAT('SELECT * FROM `tmp_employee` ', $Where, ' ORDER BY ', $Sort, ' LIMIT ', $Skip, ',', $Take); -- Nếu lấy dữ liệu trên 1 page có truyền skip, take vào thì sẽ lấy số lượng bản ghi tương ứng trên page
  END IF;

  -- Có thể để ý thấy trên yêu cầu đề bài sẽ không chỉ lấy ra thông tin nhân viên trên page mà còn lấy ra tổng số bản ghi trên toàn bộ các page
  -- Vậy nên có thể hiểu là dữ liệu mong muốn trả về trong store này là 2 dữ liệu: Thông tin nhân viên + Tổng số bản ghi
  -- => Sử dụng phương pháp execute query để trả về 2 thông tin trong cùng 1 store
  PREPARE stmt1 FROM @filterQuery;
  EXECUTE stmt1;
  DEALLOCATE PREPARE stmt1;

  SET @filterQuery = CONCAT('SELECT count(EmployeeID) AS TotalCount FROM `tmp_employee` ', $Where);
  PREPARE stmt1 FROM @filterQuery;
  EXECUTE stmt1;
  DEALLOCATE PREPARE stmt1;

  -- Drop temp table đi sau khi dùng xong để giải phóng dữ liệu
  DROP TEMPORARY TABLE `tmp_employee`;
END
$$

--
-- Create procedure `Proc_Employee_GetByEmployeeID`
--
CREATE DEFINER = 'root'@'localhost'
PROCEDURE Proc_Employee_GetByEmployeeID ()
COMMENT 'Lấy dữ liệu 1 bản ghi nhân viên - Created By: LTVU'
BEGIN
  -- Lấy dữ liệu theo EmployeeID truyền vào
  SELECT
    e.EmployeeID,
    e.EmployeeCode,
    e.EmployeeName,
    e.Gender,
    e.DateOfBirth,
    e.IdentityNumber,
    e.IdentityIssuedPlace,
    e.IdentityIssuedDate,
    e.Email,
    e.PhoneNumber,
    e.PositionID,
    p.PositionName,
    e.DepartmentID,
    d.DepartmentName,
    e.TaxCode,
    e.Salary,
    e.JoinDate,
    e.WorkStatus,
    e.CreateDate,
    e.CreateBy,
    e.ModifiedDate,
    e.ModifiedBy,
    p.PositionName AS PositionName,
    d.DepartmentName AS DepartmentName
  FROM Employees e
    LEFT JOIN Positions p
      ON e.PositionID = p.PositionID
    LEFT JOIN Departments d
      ON e.DepartmentID = d.DepartmentID
  WHERE e.EmployeeID = $EmployeeID;
END
$$

--
-- Create procedure `Proc_Employee_GetAllEmployee`
--
CREATE DEFINER = 'root'@'localhost'
PROCEDURE Proc_Employee_GetAllEmployee ()
BEGIN
  SELECT
    e.EmployeeID,
    e.EmployeeCode,
    e.EmployeeName,
    e.Gender,
    e.DateOfBirth,
    e.IdentityNumber,
    e.IdentityIssuedPlace,
    e.IdentityIssuedDate,
    e.Email,
    e.PhoneNumber,
    e.PositionID,
    p.PositionName,
    e.DepartmentID,
    d.DepartmentName,
    e.TaxCode,
    e.Salary,
    e.JoiningDate,
    e.WorkStatus,
    e.CreatedDate,
    e.CreatedBy,
    e.ModifiedDate,
    e.ModifiedBy
  FROM employees e
    INNER JOIN positions p
      ON e.PositionID = p.PositionID
    INNER JOIN departments d
      ON e.DepartmentID = d.DepartmentID
  ORDER BY e.ModifiedDate DESC;
END
$$

DELIMITER ;

--
-- Create table `employee`
--
CREATE TABLE employee (
  EmployeeID char(36) NOT NULL DEFAULT '' COMMENT 'ID của nhân viên',
  EmployeeCode varchar(20) NOT NULL DEFAULT '' COMMENT 'Mã nhân viên',
  FullName varchar(100) NOT NULL DEFAULT '' COMMENT 'Tên nhân viên',
  DateOfBirth date DEFAULT NULL COMMENT 'Ngày sinh',
  Gender tinyint DEFAULT NULL COMMENT 'Giới tính (0: Khác, 1: Nam; 2: Nữ)',
  IdentityNumber varchar(25) NOT NULL DEFAULT '' COMMENT 'Số CMND',
  IdentityDate date DEFAULT NULL COMMENT 'Ngày cấp',
  IdentityPlace varchar(255) DEFAULT NULL COMMENT 'Nơi cấp',
  Email varchar(100) NOT NULL DEFAULT '' COMMENT 'Email',
  PhoneNumber varchar(50) NOT NULL DEFAULT '' COMMENT 'SĐT',
  PositionID char(36) DEFAULT NULL COMMENT 'ID Vị trí',
  PositionName varchar(255) DEFAULT NULL COMMENT 'Tên Vị trí',
  DepartmentId char(36) DEFAULT NULL COMMENT 'ID Phòng ban',
  DepartmentName varchar(255) DEFAULT NULL COMMENT 'Tên Phòng ban',
  PersonalTaxCode varchar(20) DEFAULT NULL COMMENT 'Mã số thuế',
  Salary decimal(18, 4) DEFAULT NULL COMMENT 'Mức lương cơ bản',
  JoinDate date DEFAULT NULL COMMENT 'Ngày gia nhập công ty',
  WorkStatus smallint DEFAULT NULL COMMENT 'Tình trạng công việc (0: Nghỉ việc, 1: Đang làm việc, 2: Thử việc.)',
  CreatedDate datetime DEFAULT NULL COMMENT 'Ngày tạo',
  CreatedBy varchar(100) DEFAULT NULL COMMENT 'Người tạo',
  ModifiedDate datetime DEFAULT NULL COMMENT 'Ngày chỉnh sửa gần nhất',
  ModifiedBy varchar(100) DEFAULT NULL COMMENT 'Người chỉnh sửa gần nhất',
  PRIMARY KEY (EmployeeID)
)
ENGINE = INNODB,
AVG_ROW_LENGTH = 390,
CHARACTER SET utf8mb4,
COLLATE utf8mb4_general_ci,
COMMENT = 'Bảng thông tin nhân viên';

--
-- Create index `EmployeeCode` on table `employee`
--
ALTER TABLE employee
ADD UNIQUE INDEX EmployeeCode (EmployeeCode);

--
-- Create foreign key
--
ALTER TABLE employee
ADD CONSTRAINT FK_employee_department_DepartmentID FOREIGN KEY (DepartmentId)
REFERENCES department (DepartmentId) ON UPDATE SET NULL;

--
-- Create foreign key
--
ALTER TABLE employee
ADD CONSTRAINT FK_employee_positions_PositionID FOREIGN KEY (PositionID)
REFERENCES positions (PositionID);

-- 
-- Dumping data for table positions
--
INSERT INTO positions VALUES
('35e773ea-5d44-2dda-26a8-6d513e380bde', 'P004', 'Phó chủ tịch', '2022-08-12 13:18:58', 'Nông Việt Hương', '2022-01-16 08:17:13', 'Võ Văn Đạt'),
('3f8e6896-4c7d-15f5-a018-75d8bd200d7c', 'P003', 'Nhân viên kiểm soát chất lượng', '2022-01-01 02:13:43', 'Nguyễn Mai Tiến', '2022-02-05 23:16:45', 'Nguyễn Văn Ngọc'),
('45ac3d26-18f2-18a9-3031-644313fbb055', 'P001', 'Trưởng dự án', '2022-03-02 05:28:10', 'Nguyễn Việt Hân', '2022-03-25 09:05:14', 'Nguyễn Minh Ly'),
('647a538e-630d-39cd-0144-e5a214c15aa7', 'P002', 'Giám đốc khối', '2022-05-29 06:53:53', 'Nguyễn Mai Tiến', '2022-04-17 07:00:59', 'Trân Thái Lệ'),
('75cce5a6-4f7f-3671-3cf3-eb0223d0a4f7', 'P006', 'Lập trình viên', '2022-07-07 11:20:43', 'Nguyễn Thị Ly', '2022-01-01 00:09:27', 'Nguyễn Ngọc Hường'),
('78aafe4a-67a7-2076-3bf3-eb0223d0a4f7', 'P007', 'Chủ tịch', '2022-08-06 23:13:21', 'Hoàng Minh Ly', '2022-08-23 14:11:24', 'Lê Ngọc Hường'),
('7c4f14d8-66fb-14ae-198f-6354f958f4c0', 'P005', 'Tổng giám đốc', '2022-01-18 00:22:27', 'Bùi Ngọc Hoa', '2022-07-31 03:47:42', 'Nông Việt Hương');

-- 
-- Dumping data for table department
--
INSERT INTO department VALUES
('11452b0c-768e-5ff7-0d63-eeb1d8ed8cef', 'D001', 'Tổng công ty', '2022-08-22 08:32:56', 'Nguyễn Tuấn Lệ', '2022-07-11 06:04:40', 'Trân Minh Ngọc'),
('142cb08f-7c31-21fa-8e90-67245e8b283e', 'D007', 'Phòng kế toán', '2022-06-01 00:07:13', 'Nguyễn Tuấn Hân', '2022-01-01 00:00:04', 'Nguyễn Thị Hương'),
('17120d02-6ab5-3e43-18cb-66948daf6128', 'D003', 'Phòng bảo vệ', '2022-08-11 05:55:42', 'Mai Minh Diễm', '2022-03-14 17:01:26', 'Nguyễn Thị Ngọc'),
('469b3ece-744a-45d5-957d-e8c757976496', 'D002', 'Phòng hỗ trợ khách hàng', '2022-08-21 14:24:06', 'Lê Văn Lệ', '2022-06-28 11:17:29', 'Võ Ngọc Mai'),
('4e272fc4-7875-78d6-7d32-6a1673ffca7c', 'D004', 'Khối sản xuất', '2022-06-01 17:08:20', 'Nông Minh Loan', '2022-01-01 00:00:08', 'Nguyễn Thị Mai'),
('768f8e64-7d10-20c9-967d-e8c757976496', 'D005', 'Phòng nhân sự', '2022-07-28 09:58:40', 'Mai Tuấn Hân', '2022-01-08 02:11:34', 'Nông Ngọc Hương'),
('9d4fe401-288b-11ed-8d00-68071506c5dd', 'D111', 'Phòng chủ tịch', '2022-08-31 00:46:02', 'TRUNG', '2022-08-31 00:46:02', 'TRUNG');

-- 
-- Dumping data for table employee
--
INSERT INTO employee VALUES
('0c058e24-1494-4376-a94b-55e9cc2bb9f4', 'NV99476', 'Test', NULL, 0, '3532435435', NULL, NULL, 'eebvht@gmail.com', '243234', '35e773ea-5d44-2dda-26a8-6d513e380bde', 'Phó chủ tịch', '11452b0c-768e-5ff7-0d63-eeb1d8ed8cef', 'Tổng công ty', NULL, 12.0000, NULL, 0, '2022-09-15 22:37:14', 'Nguyễn Văn Mạnh', '2022-09-16 02:06:12', 'Nguyễn Văn Mạnh'),
('14b4fd48-efae-4cc6-97af-cee3e0d3fbba', 'NV99480', 'Nguyễn Văn B', NULL, 0, '1231413', NULL, NULL, 'eebvht@gmail.com', '1234132354', '35e773ea-5d44-2dda-26a8-6d513e380bde', 'Phó chủ tịch', '11452b0c-768e-5ff7-0d63-eeb1d8ed8cef', 'Tổng công ty', NULL, 0.0000, NULL, 0, '2022-09-16 05:05:52', 'Nguyễn Văn Mạnh', '2022-09-16 05:05:52', 'Nguyễn Văn Mạnh'),
('4fb18c70-f0e9-491c-969a-5867ab51b28e', 'NV99483', 'Nguyễn Trung Quân', NULL, 1, '013428807', NULL, 'CA TP hcm', 'ndt@gmail.com', '0987730624', '3f8e6896-4c7d-15f5-a018-75d8bd200d7c', 'Nhân viên kiểm soát chất lượng', '11452b0c-768e-5ff7-0d63-eeb1d8ed8cef', 'Tổng công ty', '213456', 123456.0000, NULL, 1, '2022-09-16 05:06:48', 'Nguyễn Văn Mạnh', '2022-09-16 05:06:48', 'Nguyễn Văn Mạnh'),
('517723b1-b790-4209-bb55-e3a993909d6d', 'NV99478', 'Test1', NULL, 0, '3532435435', NULL, NULL, 'eebvht@gmail.com', '243234', '35e773ea-5d44-2dda-26a8-6d513e380bde', 'Phó chủ tịch', '11452b0c-768e-5ff7-0d63-eeb1d8ed8cef', 'Tổng công ty', NULL, 12.0000, NULL, 0, '2022-09-16 05:05:17', 'Nguyễn Văn Mạnh', '2022-09-16 05:05:17', 'Nguyễn Văn Mạnh'),
('58a11562-0114-4d8c-a4ee-c7edf0b33731', 'NV99482', 'Bùi Thị My', NULL, 1, '24819730821', NULL, '29822', 'BrettCompton839@nowhere.com', '(837) 221-4358', '78aafe4a-67a7-2076-3bf3-eb0223d0a4f7', 'Chủ tịch', '11452b0c-768e-5ff7-0d63-eeb1d8ed8cef', 'Tổng công ty', '4T', 2.0000, NULL, 0, '2022-09-16 05:06:30', 'Nguyễn Văn Mạnh', '2022-09-16 05:06:30', 'Nguyễn Văn Mạnh'),
('64668c5f-cfaf-4181-afce-16ef0903f12a', 'NV99489', 'Test', NULL, 0, '3213', NULL, NULL, 'eebvht@gmail.com', '1234132354', '35e773ea-5d44-2dda-26a8-6d513e380bde', 'Phó chủ tịch', '11452b0c-768e-5ff7-0d63-eeb1d8ed8cef', 'Tổng công ty', NULL, 0.0000, NULL, 0, '2022-09-23 09:06:41', 'Nguyễn Văn Mạnh', '2022-09-23 09:06:41', 'Nguyễn Văn Mạnh'),
('6ec68a82-7ea5-2028-a541-c1ec321fe728', 'NV64967', 'Bùi Thị Linh', '0001-01-01', 1, '24819730821', '0001-01-01', '29822', 'BrettCompton839@nowhere.com', '(837) 221-4358', '78aafe4a-67a7-2076-3bf3-eb0223d0a4f7', 'Chủ tịch', '11452b0c-768e-5ff7-0d63-eeb1d8ed8cef', 'Tổng công ty', '4T', 2.0000, '0001-01-01', 0, '2022-01-01 01:57:13', 'Nguyễn Ngọc Diễm', '2022-09-12 04:49:45', 'Nguyễn Văn Mạnh'),
('6edbc6ad-55a0-7b3c-8fc2-579daad24557', 'NV90692', 'Nguyễn Ngọc Hoa', '1997-03-22', 0, '90900413931', '2013-03-16', '47770', 'omzmtvem.dzhauykg@example.com', '(504) 322-3762', '3f8e6896-4c7d-15f5-a018-75d8bd200d7c', 'Nhân viên kiểm soát chất lượng', '768f8e64-7d10-20c9-967d-e8c757976496', 'Phòng nhân sự', 'DO1D4', 84457.0705, '2022-07-08', 0, '2022-05-20 19:36:42', 'Lê Ngọc Mai', '2022-04-07 16:41:18', 'Trân Việt Hường'),
('6eff6332-24fb-3f22-2335-60b3ebf808a9', 'NV95461', 'Trân Thị Hương', '1982-06-04', 1, '40551138874', '2022-04-28', '35191', 'keoo3932@nowhere.com', '(314) 612-4497', '7c4f14d8-66fb-14ae-198f-6354f958f4c0', 'Tổng giám đốc', '469b3ece-744a-45d5-957d-e8c757976496', 'Phòng hỗ trợ khách hàng', '1FN1', 73161.7238, '2002-10-01', 1, '2022-06-06 03:36:12', 'Nguyễn Thị Ngọc', '2022-06-30 06:23:37', 'Nguyễn Ngọc Diễm'),
('6f01e640-6ddd-6c0c-c3f6-423b4e874d0f', 'NV73093', 'Nguyễn Văn Nam', NULL, 1, '88813978633', NULL, '99491', 'Flanagan@example.com', '(174) 990-9150', '45ac3d26-18f2-18a9-3031-644313fbb055', 'Trưởng dự án', '142cb08f-7c31-21fa-8e90-67245e8b283e', 'Phòng kế toán', 'P0S493', NULL, '1993-10-01', 1, NULL, NULL, '2022-06-01 02:55:43', 'Nguyễn Minh Diễm'),
('6f1014db-2ff0-613b-bdd2-89b22d10517e', 'NV84877', 'Bùi Thái Ly', '1954-12-23', 0, '01365594839', '1970-09-03', '79072', 'Keith51@nowhere.com', '(283) 464-2386', '7c4f14d8-66fb-14ae-198f-6354f958f4c0', 'Tổng giám đốc', '768f8e64-7d10-20c9-967d-e8c757976496', 'Phòng nhân sự', '291J1', 86769.6719, '1980-03-14', 0, '2022-05-25 18:46:01', 'Nguyễn Tuấn Diễm', '2022-02-08 17:14:28', 'Trân Thị Hường'),
('6f51ea57-13b2-139f-1177-d9ebc53aac3d', 'NV79250', 'Bùi Ngọc Hoa', '2001-10-10', 0, '64831499596', '2019-03-08', '78180', 'Duval@example.com', '(576) 204-9105', '3f8e6896-4c7d-15f5-a018-75d8bd200d7c', 'Nhân viên kiểm soát chất lượng', '142cb08f-7c31-21fa-8e90-67245e8b283e', 'Phòng kế toán', 'RUA2T06', 116707.1477, '1995-10-19', 0, '2022-04-16 16:34:01', 'Trịnh Thị Hương', '2022-03-21 15:29:33', 'Trân Thị "$VNTenNam.txt"'),
('6f5498fb-4e2c-4fab-fed2-89b22d10517e', 'NV21220', 'Mai Diễm Linh', '1959-10-06', 2, '50070758214', '2014-05-01', '39129', 'Allard8@nowhere.com', '(737) 286-0111', '75cce5a6-4f7f-3671-3cf3-eb0223d0a4f7', 'Lập trình viên', '469b3ece-744a-45d5-957d-e8c757976496', 'Phòng hỗ trợ khách hàng', 'F06U24WA28E', 88067.9428, '1972-05-07', 2, '2022-06-08 15:43:49', 'Nguyễn Thị Linh', '2022-01-01 00:14:18', 'Nông Thái Ngọc'),
('6f744ad4-5fca-2c49-8f80-7ed9d1ea06ea', 'NV41539', 'Nguyễn Minh Hân', '1952-01-02', 2, '77816407402', '1970-01-02', '37750', 'kqdhc8@example.com', '(968) 752-3243', '78aafe4a-67a7-2076-3bf3-eb0223d0a4f7', 'Chủ tịch', '17120d02-6ab5-3e43-18cb-66948daf6128', 'Phòng bảo vệ', NULL, 85531.9603, NULL, 2, '2022-01-01 00:00:02', 'Nguyễn Thị Hoa', NULL, NULL),
('6fc0d2cb-5143-3eb4-9435-0028ed526dd0', 'NV23051', 'Nguyễn Văn Linh', NULL, 1, '48815962595', NULL, '35180', 'Vannesa.Carney97@example.com', '(896) 924-7433', '35e773ea-5d44-2dda-26a8-6d513e380bde', 'Phó chủ tịch', '768f8e64-7d10-20c9-967d-e8c757976496', 'Phòng nhân sự', '4', NULL, '1978-05-03', 1, NULL, NULL, '2022-01-01 00:50:45', 'Nguyễn Tuấn Mai'),
('7002d84e-5b02-4c0c-c2f6-423b4e874d0f', 'NV89482', 'Nguyễn Diễm Hương', '2001-08-29', 0, '30283192754', '2000-05-31', '95962', 'Ted.Almeida@nowhere.com', '(976) 398-5595', '78aafe4a-67a7-2076-3bf3-eb0223d0a4f7', 'Chủ tịch', '469b3ece-744a-45d5-957d-e8c757976496', 'Phòng hỗ trợ khách hàng', 'CZ', 99295.9546, '1973-11-05', 0, '2022-04-12 09:28:07', 'Nguyễn Mai Hương', '2022-01-31 14:38:43', 'Nguyễn Thái Ngọc'),
('7021fd8f-1f9b-46d2-5635-60b3ebf808a9', 'NV33973', 'Nông Minh Hưng', '1990-11-28', 2, '63220951447', '1979-12-22', '75552', 'Spencer348@example.com', '(106) 388-4827', '7c4f14d8-66fb-14ae-198f-6354f958f4c0', 'Tổng giám đốc', '11452b0c-768e-5ff7-0d63-eeb1d8ed8cef', 'Tổng công ty', 'H', 28710.3611, '1970-11-30', 2, '2022-05-02 05:13:49', 'Nguyễn Thị Ngọc', '2022-01-01 00:05:34', 'Nguyễn Ngọc Ly'),
('7027baf0-4315-1a62-8b80-7ed9d1ea06ea', 'NV51425', 'Nguyễn Thái Diễm', '1982-06-14', 0, '06827291798', '1998-11-19', '81201', 'Dove@nowhere.com', '(968) 731-7102', '35e773ea-5d44-2dda-26a8-6d513e380bde', 'Phó chủ tịch', '469b3ece-744a-45d5-957d-e8c757976496', 'Phòng hỗ trợ khách hàng', '4', 65916.7941, '2014-12-27', 0, '2022-03-03 02:11:04', 'Nguyễn Tuấn Loan', '2022-07-28 05:05:50', 'Nguyễn Minh Ly'),
('705a21b7-6a47-5cdc-3780-de64d090a2c2', 'NV17994', 'Nguyễn Tuấn Hân', '1997-05-29', 0, '84158284469', '2013-09-19', '80303', 'Brigid.H_Benedict1@nowhere.com', '(232) 443-4156', '35e773ea-5d44-2dda-26a8-6d513e380bde', 'Phó chủ tịch', '768f8e64-7d10-20c9-967d-e8c757976496', 'Phòng nhân sự', 'XX0Z', 71980.9356, '1970-01-09', 0, '2022-05-02 06:50:56', 'Nguyễn Thị Diễm', '2022-01-01 00:00:09', 'Nguyễn Ngọc Linh'),
('707e1336-6584-55de-8341-c1ec321fe728', 'NV02702', 'Lê Văn Ngọc', '1962-11-04', 1, '92780553348', '1973-05-30', '22840', 'Hooks24@example.com', '(317) 447-4928', '647a538e-630d-39cd-0144-e5a214c15aa7', 'Giám đốc khối', '11452b0c-768e-5ff7-0d63-eeb1d8ed8cef', 'Tổng công ty', '7K7EC4YH7K76B6', 27183.4249, '1972-09-30', 1, '2022-04-30 23:11:48', 'Trịnh Ngọc Loan', '2022-03-29 13:58:27', 'Nông Thị Linh'),
('707fd1f6-5adb-7081-271e-086412a8ea97', 'NV38381', 'Hoàng Thị Diễm', '1966-08-05', 2, '29827570111', '1984-08-05', '25316', 'HildeCardoza@example.com', '(186) 671-6772', '45ac3d26-18f2-18a9-3031-644313fbb055', 'Trưởng dự án', '768f8e64-7d10-20c9-967d-e8c757976496', 'Phòng nhân sự', 'E181', 87358.7897, '1972-04-14', 2, '2022-01-01 01:28:51', 'Trân Thái Hường', '2022-01-16 04:50:31', 'Bùi Việt "$VNTenNam.txt"'),
('7084279e-7028-4ab2-94c2-579daad24557', 'NV10997', 'Hoàng Thị Giang', '1972-12-13', 2, '62488262473', '2015-05-20', '68103', 'AlfredFrench@example.com', '(521) 830-1257', '647a538e-630d-39cd-0144-e5a214c15aa7', 'Giám đốc khối', '17120d02-6ab5-3e43-18cb-66948daf6128', 'Phòng bảo vệ', 'AF', 87490.7341, '1980-01-28', 2, '2022-01-12 10:22:26', 'Nguyễn Thái Ly', '2022-02-15 21:30:15', 'Võ Văn Hương'),
('70aead00-2db5-77f7-2277-d9ebc53aac3d', 'NV22487', 'Nguyễn Văn Hân', '1970-06-26', 2, '03187009292', '2002-02-09', '38599', 'AnnamarieKeen26@nowhere.com', '(971) 246-4940', '7c4f14d8-66fb-14ae-198f-6354f958f4c0', 'Tổng giám đốc', '11452b0c-768e-5ff7-0d63-eeb1d8ed8cef', 'Tổng công ty', '78', 105539.7054, '1986-02-09', 2, '2022-08-17 10:14:51', 'Nguyễn Diễm Hường', '2022-08-22 20:20:22', 'Nguyễn Tuấn Mai'),
('70b4a90e-486b-2120-d6d2-89b22d10517e', 'NV38091', 'Nguyễn Thị Linh', '1972-11-22', 1, '57507853022', '2000-03-27', '61774', 'afawpw570@nowhere.com', '(121) 830-4211', '35e773ea-5d44-2dda-26a8-6d513e380bde', 'Phó chủ tịch', '768f8e64-7d10-20c9-967d-e8c757976496', 'Phòng nhân sự', 'Y', 92564.4086, '1981-12-13', 1, '2022-08-09 10:22:58', 'Nguyễn Diễm Giang', '2022-06-03 21:31:45', 'Nguyễn Tuấn Mai'),
('70ba64fc-21d0-6609-9d41-c1ec321fe728', 'NV98907', 'Nguyễn Thái Hoa', '1984-09-22', 0, '50775656681', '1989-04-12', '21046', 'Loy@example.com', '(370) 784-6321', '75cce5a6-4f7f-3671-3cf3-eb0223d0a4f7', 'Lập trình viên', '4e272fc4-7875-78d6-7d32-6a1673ffca7c', 'Khối sản xuất', 'LX8FZ4', 46381.0175, '1970-01-09', 0, '2022-08-09 06:42:19', 'Nguyễn Tuấn Linh', '2022-01-01 00:00:09', 'Nguyễn Minh Mai'),
('70fbfab6-1970-610f-7ec2-579daad24557', 'NV87640', 'Võ Văn Ly', '1952-11-05', 0, '50910623857', '2020-08-26', '75423', 'Cruz_Dickson@example.com', '(224) 005-2584', '78aafe4a-67a7-2076-3bf3-eb0223d0a4f7', 'Chủ tịch', '4e272fc4-7875-78d6-7d32-6a1673ffca7c', 'Khối sản xuất', 'F8', 42283.6789, '1975-05-09', 0, '2022-01-16 01:04:27', 'Nông Minh Ly', '2022-02-10 12:05:29', 'Nông Thị "$VNTenNam.txt"'),
('70ffe0a1-4401-5daf-7077-d9ebc53aac3d', 'NV70336', 'Nguyễn Thị Hường', '1996-11-25', 1, '85620745181', '2003-05-28', '95833', 'OdellAllen@example.com', '(537) 020-2724', '35e773ea-5d44-2dda-26a8-6d513e380bde', 'Phó chủ tịch', '11452b0c-768e-5ff7-0d63-eeb1d8ed8cef', 'Tổng công ty', 'WW', 119092.4033, '1988-08-04', 1, '2022-03-30 09:58:55', 'Bùi Diễm Ly', '2022-01-02 13:38:57', 'Trịnh Tuấn Hương'),
('7146e3a8-4131-3d3c-a241-c1ec321fe728', 'NV37212', 'Nguyễn Thái Học', '1967-06-16', 0, '06846464090', '1974-12-25', '19272', 'kyqb6246@nowhere.com', '(763) 906-4787', '78aafe4a-67a7-2076-3bf3-eb0223d0a4f7', 'Chủ tịch', '11452b0c-768e-5ff7-0d63-eeb1d8ed8cef', 'Tổng công ty', 'M53V', 97208.4918, '1970-03-26', 0, '2022-05-30 13:59:46', 'Nguyễn Việt Ngọc', '2022-01-01 00:01:25', 'Nguyễn Thị Giang'),
('7151adee-7718-2658-6635-0028ed526dd0', 'NV44513', 'Nguyễn Văn Diễm', '1992-10-09', 0, '14289718110', '2018-01-09', '95339', 'Davenport@example.com', '(631) 506-3504', '45ac3d26-18f2-18a9-3031-644313fbb055', 'Trưởng dự án', '469b3ece-744a-45d5-957d-e8c757976496', 'Phòng hỗ trợ khách hàng', NULL, 68406.6842, NULL, 0, '2022-03-17 16:18:46', 'Lê Việt Giang', NULL, NULL),
('7160c7bc-598c-1a19-1b1e-086412a8ea97', 'NV48268', 'Nguyễn Minh Hương', '1952-01-04', 1, '33275384425', '1970-01-04', '40215', 'RickieG.Braswell1@example.com', '(836) 286-7033', '3f8e6896-4c7d-15f5-a018-75d8bd200d7c', 'Nhân viên kiểm soát chất lượng', '17120d02-6ab5-3e43-18cb-66948daf6128', 'Phòng bảo vệ', '1QRF', 36988.5673, '1986-09-16', 1, '2022-01-01 00:00:04', 'Nông Thái Hường', '2022-01-01 01:41:43', 'Nguyễn Minh "$VNTenNam.txt"'),
('716136e5-4b50-2737-d1d2-89b22d10517e', 'NV12835', 'Nguyễn Văn Diễm', '1972-04-11', 1, '19549493155', '1996-01-16', '96281', 'CletaAbney7@example.com', '(486) 159-4631', '75cce5a6-4f7f-3671-3cf3-eb0223d0a4f7', 'Lập trình viên', '469b3ece-744a-45d5-957d-e8c757976496', 'Phòng hỗ trợ khách hàng', 'Y51', 44613.6097, '1976-04-11', 1, '2022-03-03 18:18:59', 'Trịnh Thị "$VNTenNam.txt"', '2022-07-10 18:49:40', 'Hoàng Tuấn Lệ'),
('71c9f2ec-25dd-6bb2-7cc2-579daad24557', 'NV03099', 'Nguyễn Thị Lệ', '1998-06-19', 0, '04065148072', '1981-07-15', '37915', 'MandaBledsoe@nowhere.com', '(672) 978-0894', '75cce5a6-4f7f-3671-3cf3-eb0223d0a4f7', 'Lập trình viên', '469b3ece-744a-45d5-957d-e8c757976496', 'Phòng hỗ trợ khách hàng', '4', 44506.1850, '2014-07-12', 0, '2022-03-23 15:59:55', 'Nguyễn Văn Ly', '2022-01-17 08:13:35', 'Nguyễn Mai Hường'),
('721b7460-7378-2203-0435-60b3ebf808a9', 'NV60184', 'Nguyễn Thái Sơn', '1960-07-20', 1, '88771302217', '1987-06-21', '01360', 'Cash@example.com', '(531) 501-3007', '75cce5a6-4f7f-3671-3cf3-eb0223d0a4f7', 'Lập trình viên', '11452b0c-768e-5ff7-0d63-eeb1d8ed8cef', 'Tổng công ty', NULL, 37399.5827, NULL, 1, '2022-08-19 11:26:22', 'Nguyễn Thị Linh', NULL, NULL),
('723a9419-76ff-1140-5f77-d9ebc53aac3d', 'NV58879', 'Mai Minh Ngọc', '1980-02-17', 1, '54706065396', '2021-04-20', '99911', 'Ferdinand.Earle@example.com', '(323) 823-7315', '45ac3d26-18f2-18a9-3031-644313fbb055', 'Trưởng dự án', '4e272fc4-7875-78d6-7d32-6a1673ffca7c', 'Khối sản xuất', '76C874', 23191.9870, '1970-01-08', 1, '2022-05-16 17:03:11', 'Trịnh Tuấn Lệ', '2022-01-01 00:00:08', 'Nguyễn Thị Hoa'),
('724b5dfd-4e61-22f1-b941-c1ec321fe728', 'NV47593', 'Hoàng Ngọc Lệ', '1990-07-20', 2, '33592528275', '1986-11-25', '38170', 'Acosta@example.com', '(696) 727-4713', '75cce5a6-4f7f-3671-3cf3-eb0223d0a4f7', 'Lập trình viên', '4e272fc4-7875-78d6-7d32-6a1673ffca7c', 'Khối sản xuất', 'TF', 81291.0267, '2013-11-10', 2, '2022-08-21 01:53:42', 'Bùi Thái Hân', '2022-06-05 04:40:21', 'Lê Thị Hoa'),
('725489b9-2786-7cfd-ff1d-086412a8ea97', 'NV09517', 'Nguyễn Minh Ngọc', NULL, 1, '94616652026', NULL, '68047', 'Dorsey.Tirado842@example.com', '(375) 083-4082', '3f8e6896-4c7d-15f5-a018-75d8bd200d7c', 'Nhân viên kiểm soát chất lượng', '142cb08f-7c31-21fa-8e90-67245e8b283e', 'Phòng kế toán', '2TY6Z0', NULL, '2011-06-27', 1, NULL, NULL, '2022-03-28 22:46:02', 'Nguyễn Ngọc Loan'),
('72b3a7fb-5af1-655b-5fc2-579daad24557', 'NV24595', 'Hoàng Ngọc Diễm', '1958-09-16', 2, '71998674207', '1983-01-25', '81727', 'BarneySlaughter@example.com', '(709) 171-3835', '75cce5a6-4f7f-3671-3cf3-eb0223d0a4f7', 'Lập trình viên', '142cb08f-7c31-21fa-8e90-67245e8b283e', 'Phòng kế toán', '6H', 31664.6040, '1983-05-05', 2, '2022-08-24 22:26:05', 'Nguyễn Thị Mai', '2022-03-06 03:54:59', 'Hoàng Thái Linh'),
('72f9f5c1-1724-2fe5-ecd2-89b22d10517e', 'NV51427', 'Lê Thị Diễm', '1985-10-14', 0, '61344205141', '1995-08-02', '96480', 'Munson@example.com', '(304) 140-0621', '45ac3d26-18f2-18a9-3031-644313fbb055', 'Trưởng dự án', '11452b0c-768e-5ff7-0d63-eeb1d8ed8cef', 'Tổng công ty', 'RDWN2027RE', 64261.3880, '1971-08-26', 0, '2022-06-24 06:36:54', 'Hoàng Minh Hân', '2022-08-12 13:36:59', 'Trịnh Minh Hương'),
('72fe5819-3c8c-3651-cad2-89b22d10517e', 'NV03739', 'Nguyễn Thái Diễm', '1952-01-07', 0, '48800807545', '1970-01-07', '46845', 'Rolland_Beach12@example.com', '(527) 302-4868', '78aafe4a-67a7-2076-3bf3-eb0223d0a4f7', 'Chủ tịch', '142cb08f-7c31-21fa-8e90-67245e8b283e', 'Phòng kế toán', 'Q', 92038.0538, '1970-02-22', 0, '2022-01-01 00:00:07', 'Hoàng Mai Giang', '2022-01-01 00:00:53', 'Nguyễn Thị Hân'),
('738a1efd-6e27-1474-6780-de64d090a2c2', 'NV08457', 'Nguyễn Minh Hường', '1995-03-06', 1, '78104317580', '2017-08-31', '95973', 'BufordNorris418@nowhere.com', '(953) 405-7271', '35e773ea-5d44-2dda-26a8-6d513e380bde', 'Phó chủ tịch', '4e272fc4-7875-78d6-7d32-6a1673ffca7c', 'Khối sản xuất', 'B5', 105510.0803, '1970-01-02', 1, '2022-08-13 01:08:45', 'Nguyễn Ngọc Hường', '2022-01-01 00:00:02', 'Nguyễn Thị Hân'),
('73ccc42c-20d5-747c-7dc2-579daad24557', 'NV65112', 'Nguyễn Thị Mai', NULL, 0, '71555646498', NULL, '92166', 'CraneV@nowhere.com', '(195) 412-8591', '647a538e-630d-39cd-0144-e5a214c15aa7', 'Giám đốc khối', '142cb08f-7c31-21fa-8e90-67245e8b283e', 'Phòng kế toán', 'B2X67', NULL, '2000-11-24', 0, NULL, NULL, '2022-04-03 18:49:14', 'Trịnh Ngọc Diễm'),
('73dc79e1-1ccb-35a6-0235-60b3ebf808a9', 'NV89938', 'Trịnh Thị Hương', NULL, 1, '52943115839', NULL, '72811', 'rvxkhcgk5666@example.com', '(164) 347-4821', '78aafe4a-67a7-2076-3bf3-eb0223d0a4f7', 'Chủ tịch', '768f8e64-7d10-20c9-967d-e8c757976496', 'Phòng nhân sự', '5', NULL, '1998-03-07', 1, NULL, NULL, '2022-08-23 04:07:25', 'Nguyễn Thị Hương'),
('73f1f2ce-5e32-5398-a3f6-423b4e874d0f', 'NV18693', 'Nguyễn Thị Ly', '1966-12-22', 2, '49097265178', '1984-02-06', '19060', 'Peyton793@example.com', '(512) 735-6860', '75cce5a6-4f7f-3671-3cf3-eb0223d0a4f7', 'Lập trình viên', '768f8e64-7d10-20c9-967d-e8c757976496', 'Phòng nhân sự', 'AK', 25734.0748, '1991-05-21', 2, '2022-08-05 04:11:08', 'Hoàng Thị Mai', '2022-04-20 11:16:05', 'Nguyễn Ngọc Giang'),
('741b0ac2-17ca-4d0a-ae41-c1ec321fe728', 'NV55249', 'Võ Minh Ngọc', '1952-01-14', 0, '71008521639', '1970-01-14', '71095', 'Abreu94@example.com', '(470) 832-2185', '3f8e6896-4c7d-15f5-a018-75d8bd200d7c', 'Nhân viên kiểm soát chất lượng', '4e272fc4-7875-78d6-7d32-6a1673ffca7c', 'Khối sản xuất', '91Z9', 114710.0668, '1974-08-14', 0, '2022-01-01 00:00:14', 'Nguyễn Văn "$VNTenNam.txt"', '2022-02-23 16:36:04', 'Nguyễn Diễm Hoa'),
('7451d38f-6164-1c9a-cd41-c1ec321fe728', 'NV42306', 'Trân Minh Giang', '1954-01-08', 0, '87350118135', '1972-01-09', '20436', 'Paris@example.com', '(616) 610-7855', '35e773ea-5d44-2dda-26a8-6d513e380bde', 'Phó chủ tịch', '11452b0c-768e-5ff7-0d63-eeb1d8ed8cef', 'Tổng công ty', 'C1', 71010.3890, '2001-10-20', 0, '2022-01-01 00:12:19', 'Nông Thị Mai', '2022-05-13 03:23:51', 'Hoàng Thị Hân'),
('74a9a645-419f-545f-7180-7ed9d1ea06ea', 'NV59733', 'Võ Thị Loan', '1984-09-09', 1, '29524629933', '2006-11-30', '15487', 'JavierEdmonds@example.com', '(285) 939-2645', '7c4f14d8-66fb-14ae-198f-6354f958f4c0', 'Tổng giám đốc', '4e272fc4-7875-78d6-7d32-6a1673ffca7c', 'Khối sản xuất', 'Q42', 47888.9142, '2003-12-22', 1, '2022-03-13 16:09:52', 'Trân Việt Linh', '2022-06-20 18:23:37', 'Lê Minh Giang'),
('74d77cd7-7618-33fc-98c2-579daad24557', 'NV12617', 'Nguyễn Ngọc Ly', '1989-03-17', 0, '68670133362', '1986-03-30', '46832', 'Chas.Mccreary92@nowhere.com', '(716) 220-6545', '3f8e6896-4c7d-15f5-a018-75d8bd200d7c', 'Nhân viên kiểm soát chất lượng', '11452b0c-768e-5ff7-0d63-eeb1d8ed8cef', 'Tổng công ty', 'SO86K', 92975.6155, '1996-06-03', 0, '2022-02-19 03:53:26', 'Nguyễn Thị Diễm', '2022-06-07 03:31:01', 'Trịnh Thị Hương'),
('74f35646-7529-36bc-c541-c1ec321fe728', 'NV86132', 'Nguyễn Thị Mai', '1977-02-08', 1, '30028202334', '1995-02-09', '39770', 'Leland_Swafford168@example.com', '(852) 312-5498', '7c4f14d8-66fb-14ae-198f-6354f958f4c0', 'Tổng giám đốc', '11452b0c-768e-5ff7-0d63-eeb1d8ed8cef', 'Tổng công ty', '8DDX1', 33424.3094, '1982-02-04', 1, '2022-01-01 02:32:51', 'Nguyễn Văn Loan', '2022-03-04 04:22:46', 'Nông Văn Ly'),
('756e026e-667c-59cb-5d77-d9ebc53aac3d', 'NV83452', 'Nguyễn Văn Linh', '1952-01-03', 0, '12952380210', '1970-01-03', '68819', 'Michale_Ferrari@example.com', '(478) 299-2090', '45ac3d26-18f2-18a9-3031-644313fbb055', 'Trưởng dự án', '11452b0c-768e-5ff7-0d63-eeb1d8ed8cef', 'Tổng công ty', NULL, 55535.4332, NULL, 0, '2022-01-01 00:00:03', 'Bùi Diễm "$VNTenNam.txt"', NULL, NULL),
('757dd903-7b3b-790f-6935-0028ed526dd0', 'NV21106', 'Bùi Thị Giang', '1962-10-26', 0, '32883723334', '2004-05-24', '94208', 'Chester198@example.com', '(799) 859-8068', '35e773ea-5d44-2dda-26a8-6d513e380bde', 'Phó chủ tịch', '4e272fc4-7875-78d6-7d32-6a1673ffca7c', 'Khối sản xuất', 'UR2', 114332.1542, '2020-08-09', 0, '2022-06-22 01:27:27', 'Lê Văn Lệ', '2022-01-18 18:06:59', 'Trân Tuấn Hương'),
('75caa57c-782a-26b1-4f77-d9ebc53aac3d', 'NV15333', 'Nguyễn Diễm Nga', '1989-09-18', 0, '51370930747', '1995-11-14', '59745', 'ChandaWiles@example.com', '(419) 036-2813', '7c4f14d8-66fb-14ae-198f-6354f958f4c0', 'Tổng giám đốc', '11452b0c-768e-5ff7-0d63-eeb1d8ed8cef', 'Tổng công ty', 'MVX', 107789.4973, '1990-04-23', 0, '2022-08-01 05:22:43', 'Nguyễn Thị Lệ', '2022-08-03 23:15:48', 'Hoàng Việt Diễm'),
('75cc8a31-49b4-6758-5980-de64d090a2c2', 'NV70986', 'Nguyễn Tuấn Hương', '1998-04-10', 2, '95913392895', '1982-03-07', '74902', 'Delena.Apodaca934@example.com', '(907) 697-7693', '75cce5a6-4f7f-3671-3cf3-eb0223d0a4f7', 'Lập trình viên', '17120d02-6ab5-3e43-18cb-66948daf6128', 'Phòng bảo vệ', 'AWGRBKF8RW', 34904.6865, '2018-01-31', 2, '2022-03-10 04:37:39', 'Hoàng Mai Loan', '2022-07-26 12:54:32', 'Trịnh Thị Diễm'),
('75ec2fe2-5965-48e6-9141-c1ec321fe728', 'NV18679', 'Nguyễn Thái Bắc', '1989-09-29', 2, '05096908722', '2010-04-20', '64989', 'EulahTenney362@example.com', '(442) 071-9938', '45ac3d26-18f2-18a9-3031-644313fbb055', 'Trưởng dự án', '4e272fc4-7875-78d6-7d32-6a1673ffca7c', 'Khối sản xuất', '887YAI33', 112330.6442, '2020-12-28', 2, '2022-01-23 06:08:26', 'Nguyễn Tuấn Giang', '2022-07-01 15:31:15', 'Trịnh Văn Diễm'),
('762cf9e5-356b-56d7-5f80-7ed9d1ea06ea', 'NV73091', 'Nguyễn Thị Hường', '1966-10-17', 0, '81950162286', '1990-04-03', '23273', 'Adina.Andres95@example.com', '(712) 332-5266', '45ac3d26-18f2-18a9-3031-644313fbb055', 'Trưởng dự án', '469b3ece-744a-45d5-957d-e8c757976496', 'Phòng hỗ trợ khách hàng', '730S', 28515.9428, '1970-02-23', 0, '2022-07-09 13:51:13', 'Nguyễn Thị Loan', '2022-01-01 00:00:54', 'Nguyễn Tuấn Lệ'),
('763b23fb-3d10-6e05-eb1d-086412a8ea97', 'NV43636', 'Nguyễn Thị Linh', '1952-10-05', 0, '29990722175', '1970-10-06', '23587', 'ElijahA_Verdin@example.com', '(585) 947-3745', '7c4f14d8-66fb-14ae-198f-6354f958f4c0', 'Tổng giám đốc', '17120d02-6ab5-3e43-18cb-66948daf6128', 'Phòng bảo vệ', '3JQM5', 98187.4905, '1994-06-08', 0, '2022-01-01 00:04:39', 'Mai Ngọc Hương', '2022-01-22 17:55:53', 'Nguyễn Minh Hoa'),
('76412a0f-7140-7f31-5735-60b3ebf808a9', 'NV90963', 'Nguyễn Thị Mai', '1997-01-08', 0, '70935725697', '2005-11-09', '37641', 'AleenCKeeling@example.com', '(285) 450-1391', '75cce5a6-4f7f-3671-3cf3-eb0223d0a4f7', 'Lập trình viên', '11452b0c-768e-5ff7-0d63-eeb1d8ed8cef', 'Tổng công ty', 'B6U4L0Q2SX', 83930.8876, '1973-09-04', 0, '2022-03-12 14:17:53', 'Nguyễn Ngọc Lệ', '2022-08-09 22:49:49', 'Nguyễn Văn Linh'),
('7649b7c1-509e-4f94-6580-7ed9d1ea06ea', 'NV01115', 'Nguyễn Minh Sơn', '1954-01-22', 2, '91643748756', '1972-01-23', '94377', 'Bernice_Card@example.com', '(262) 738-5042', '45ac3d26-18f2-18a9-3031-644313fbb055', 'Trưởng dự án', '142cb08f-7c31-21fa-8e90-67245e8b283e', 'Phòng kế toán', '0IAN986', 75194.9819, '2014-08-16', 2, '2022-01-01 00:12:33', 'Nguyễn Thị Ly', '2022-01-02 03:36:24', 'Nông Mai Diễm'),
('765c598b-168d-47aa-cdd2-89b22d10517e', 'NV61486', 'Nguyễn Thái Mai', '1955-05-16', 1, '55313287130', '2011-01-08', '91038', 'AlexanderBurroughs@example.com', '(114) 096-5222', '35e773ea-5d44-2dda-26a8-6d513e380bde', 'Phó chủ tịch', '142cb08f-7c31-21fa-8e90-67245e8b283e', 'Phòng kế toán', NULL, 115315.1585, NULL, 1, '2022-04-28 14:03:37', 'Nguyễn Việt Hân', NULL, NULL),
('76ac35c9-1a60-376f-e71d-086412a8ea97', 'NV34938', 'Nguyễn Việt Ngọc', '1972-09-06', 2, '65501648159', '1989-02-26', '79252', 'Normand_Canada4@example.com', '(686) 747-6576', '45ac3d26-18f2-18a9-3031-644313fbb055', 'Trưởng dự án', '142cb08f-7c31-21fa-8e90-67245e8b283e', 'Phòng kế toán', '4LZ4XW0AJO636', 87632.5801, '1978-10-23', 2, '2022-07-29 07:17:43', 'Nguyễn Thị Mai', '2022-05-13 07:35:23', 'Mai Minh Hường'),
('76aea542-15d7-5294-7235-0028ed526dd0', 'NV00598', 'Nguyễn Thị Ly', '1989-04-21', 0, '51660958445', '1996-07-20', '13052', 'GrantDahl916@nowhere.com', '(840) 841-6841', '7c4f14d8-66fb-14ae-198f-6354f958f4c0', 'Tổng giám đốc', '17120d02-6ab5-3e43-18cb-66948daf6128', 'Phòng bảo vệ', 'S9', 50875.4474, '1993-02-15', 0, '2022-01-15 18:25:34', 'Võ Minh Ngọc', '2022-07-05 02:55:30', 'Nguyễn Thị Lệ'),
('76af9ac8-6244-60a8-6277-d9ebc53aac3d', 'NV10908', 'Mai Văn Loan', '1977-01-29', 0, '34200125606', '1987-07-19', '39016', 'Thrasher485@nowhere.com', '(370) 385-7298', '35e773ea-5d44-2dda-26a8-6d513e380bde', 'Phó chủ tịch', '11452b0c-768e-5ff7-0d63-eeb1d8ed8cef', 'Tổng công ty', 'J6L', 107334.8395, '2018-04-21', 0, '2022-03-07 22:25:36', 'Nông Minh Mai', '2022-07-24 05:00:41', 'Hoàng Thị Hoa'),
('76b3b772-27f3-37bf-75f6-423b4e874d0f', 'NV57380', 'Mai Minh Ly', '1993-04-10', 0, '36797068282', '2022-04-07', '21974', 'LaritaBoss345@nowhere.com', '(476) 551-5113', '35e773ea-5d44-2dda-26a8-6d513e380bde', 'Phó chủ tịch', '469b3ece-744a-45d5-957d-e8c757976496', 'Phòng hỗ trợ khách hàng', 'W', 71028.3337, '2000-09-07', 0, '2022-06-10 17:15:05', 'Mai Tuấn Mai', '2022-06-08 11:17:56', 'Nguyễn Việt Ngọc'),
('76cbbb4b-1739-2986-4c77-d9ebc53aac3d', 'NV70913', 'Nguyễn Minh Diễm', '1970-08-06', 2, '07954912371', '2003-07-31', '12916', 'Clarke@example.com', '(205) 349-1440', '75cce5a6-4f7f-3671-3cf3-eb0223d0a4f7', 'Lập trình viên', '768f8e64-7d10-20c9-967d-e8c757976496', 'Phòng nhân sự', 'Y5I', 32083.5353, '1971-04-23', 2, '2022-08-05 18:39:43', 'Trịnh Diễm Hoa', '2022-01-01 00:07:58', 'Mai Thị Giang'),
('76cc3313-3932-7e97-4635-0028ed526dd0', 'NV98478', 'Võ Thị Hường', NULL, 0, '13528576793', NULL, '39919', 'TraceyBorders4@nowhere.com', '(197) 499-0744', '75cce5a6-4f7f-3671-3cf3-eb0223d0a4f7', 'Lập trình viên', '469b3ece-744a-45d5-957d-e8c757976496', 'Phòng hỗ trợ khách hàng', '9V1', NULL, '2009-05-31', 0, NULL, NULL, '2022-07-31 17:12:35', 'Bùi Tuấn "$VNTenNam.txt"'),
('76cf7777-3e95-33c1-e9d2-89b22d10517e', 'NV68240', 'Lê Thái Hường', '1954-08-15', 2, '38826614374', '2014-01-27', '88844', 'Abigail.Keen557@example.com', '(734) 516-0728', '75cce5a6-4f7f-3671-3cf3-eb0223d0a4f7', 'Lập trình viên', '4e272fc4-7875-78d6-7d32-6a1673ffca7c', 'Khối sản xuất', NULL, 29324.6284, NULL, 2, '2022-05-28 23:57:22', 'Nguyễn Minh Loan', NULL, NULL),
('76da0a80-5f37-3fca-4a35-60b3ebf808a9', 'NV95111', 'Nguyễn Minh Mai', NULL, 0, '73812341870', NULL, '13579', 'Calloway@nowhere.com', '(726) 977-7688', '78aafe4a-67a7-2076-3bf3-eb0223d0a4f7', 'Chủ tịch', '142cb08f-7c31-21fa-8e90-67245e8b283e', 'Phòng kế toán', 'U55', NULL, '2005-01-27', 0, NULL, NULL, '2022-08-13 12:28:16', 'Lê Thị Linh'),
('76eecffd-2372-6134-3a35-60b3ebf808a9', 'NV18133', 'Nguyễn Thị Mai', '1962-04-08', 1, '80565205373', '1997-09-08', '90591', 'AbigailChow@example.com', '(580) 541-6925', '78aafe4a-67a7-2076-3bf3-eb0223d0a4f7', 'Chủ tịch', '17120d02-6ab5-3e43-18cb-66948daf6128', 'Phòng bảo vệ', '5G8', 108498.8868, '1970-03-11', 1, '2022-05-22 13:53:43', 'Nông Diễm Hoa', '2022-01-01 00:01:10', 'Hoàng Thị Hân'),
('771284f2-44b7-6e94-6580-de64d090a2c2', 'NV05710', 'Nguyễn Tuấn Hường', '1968-03-27', 2, '22689665337', '2007-09-29', '42075', 'McintyreO@example.com', '(704) 198-3395', '647a538e-630d-39cd-0144-e5a214c15aa7', 'Giám đốc khối', '4e272fc4-7875-78d6-7d32-6a1673ffca7c', 'Khối sản xuất', NULL, 43696.6122, NULL, 2, '2022-03-22 00:45:19', 'Nguyễn Ngọc Hân', NULL, NULL),
('7734587d-1eee-329f-f21d-086412a8ea97', 'NV67382', 'Nguyễn Thị Mai', '1982-03-14', 1, '73876962137', '1975-04-24', '12171', 'Leyva@example.com', '(732) 866-4697', '75cce5a6-4f7f-3671-3cf3-eb0223d0a4f7', 'Lập trình viên', '142cb08f-7c31-21fa-8e90-67245e8b283e', 'Phòng kế toán', 'K45037FN', 82884.2983, '2006-05-26', 1, '2022-04-01 19:58:20', 'Nguyễn Văn Hường', '2022-01-31 00:38:10', 'Bùi Diễm Hường'),
('778c67bd-6967-345e-2e77-d9ebc53aac3d', 'NV46589', 'Nguyễn Minh Loan', '1956-02-02', 1, '37033210187', '1980-03-24', '50823', 'Schroeder4@example.com', '(896) 669-4399', '45ac3d26-18f2-18a9-3031-644313fbb055', 'Trưởng dự án', '4e272fc4-7875-78d6-7d32-6a1673ffca7c', 'Khối sản xuất', '86', 33087.3978, '2005-10-31', 1, '2022-08-17 20:16:19', 'Nguyễn Minh Linh', '2022-05-19 14:35:32', 'Nguyễn Thái Diễm'),
('7794a884-3ed2-1e25-4735-60b3ebf808a9', 'NV41055', 'Nguyễn Diễm Hường', '2001-04-12', 2, '18706632761', '2019-08-30', '24642', 'Abreu956@example.com', '(652) 748-2212', '3f8e6896-4c7d-15f5-a018-75d8bd200d7c', 'Nhân viên kiểm soát chất lượng', '469b3ece-744a-45d5-957d-e8c757976496', 'Phòng hỗ trợ khách hàng', '58IC4', 102341.6795, '1972-03-02', 2, '2022-03-18 23:30:33', 'Nguyễn Thị Diễm', '2022-01-11 01:15:55', 'Nguyễn Minh Ngọc'),
('77a68c44-5111-2d8c-7d80-7ed9d1ea06ea', 'NV44545', 'Võ Diễm Diễm', '1961-11-29', 1, '48020408245', '2017-03-01', '30104', 'PhilCastellano145@nowhere.com', '(551) 288-3372', '647a538e-630d-39cd-0144-e5a214c15aa7', 'Giám đốc khối', '4e272fc4-7875-78d6-7d32-6a1673ffca7c', 'Khối sản xuất', '7T', 88434.5903, '1971-05-21', 1, '2022-06-15 06:53:36', 'Bùi Minh Hương', '2022-01-01 00:08:26', 'Nguyễn Minh Hân'),
('77cb6cf2-4da8-2067-5b35-0028ed526dd0', 'NV92352', 'Nguyễn Văn Loan', '1952-01-01', 0, '44865315466', '1970-01-01', '13560', 'plkzkdg5143@example.com', '(771) 541-1487', '75cce5a6-4f7f-3671-3cf3-eb0223d0a4f7', 'Lập trình viên', '17120d02-6ab5-3e43-18cb-66948daf6128', 'Phòng bảo vệ', 'JV', 36487.3002, '1970-10-30', 0, '2022-01-01 00:00:01', 'Nguyễn Ngọc Mai', '2022-04-27 17:28:44', 'Mai Minh Giang'),
('77cd8349-2acc-4621-01d3-89b22d10517e', 'NV32162', 'Nguyễn Mai Hương', '1956-01-03', 1, '13029053510', '2003-03-02', '45881', 'Hyman@example.com', '(996) 569-2315', '78aafe4a-67a7-2076-3bf3-eb0223d0a4f7', 'Chủ tịch', '469b3ece-744a-45d5-957d-e8c757976496', 'Phòng hỗ trợ khách hàng', '0K9', 111957.8858, '1970-03-01', 1, '2022-08-04 14:29:11', 'Bùi Ngọc Hương', '2022-01-01 00:01:00', 'Lê Thái "$VNTenNam.txt"'),
('77d03350-6ba4-226c-77f6-423b4e874d0f', 'NV57921', 'Nguyễn Thị Mai', '1988-06-25', 0, '04095756440', '1987-02-17', '68026', 'Edwardo.HAbel@example.com', '(835) 057-5224', '7c4f14d8-66fb-14ae-198f-6354f958f4c0', 'Tổng giám đốc', '11452b0c-768e-5ff7-0d63-eeb1d8ed8cef', 'Tổng công ty', '1', 34783.1225, '1970-01-08', 0, '2022-08-15 18:22:16', 'Trịnh Văn Hường', '2022-01-01 00:00:08', 'Trịnh Tuấn "$VNTenNam.txt"'),
('77d8752b-2920-240f-b241-c1ec321fe728', 'NV95322', 'Nguyễn Thị Hân', '1952-02-09', 1, '76053785869', '1970-02-09', '54453', 'Cross@example.com', '(409) 230-4842', '45ac3d26-18f2-18a9-3031-644313fbb055', 'Trưởng dự án', '11452b0c-768e-5ff7-0d63-eeb1d8ed8cef', 'Tổng công ty', '4HM', 83764.3458, '2006-05-03', 1, '2022-01-01 00:00:40', 'Nguyễn Minh Linh', '2022-04-26 11:14:40', 'Võ Thị Ngọc'),
('78041ca5-3ed7-1ec8-9e80-7ed9d1ea06ea', 'NV96565', 'Nguyễn Ngọc Hân', '1958-02-22', 2, '45076051280', '2011-08-24', '94430', 'BridgetBlythe@nowhere.com', '(849) 134-0856', '78aafe4a-67a7-2076-3bf3-eb0223d0a4f7', 'Chủ tịch', '4e272fc4-7875-78d6-7d32-6a1673ffca7c', 'Khối sản xuất', 'DL', 37052.4691, '1982-08-03', 2, '2022-04-23 17:33:42', 'Võ Văn Linh', '2022-01-17 15:10:42', 'Võ Minh Ly'),
('783e2ddc-44e9-29a7-abf6-423b4e874d0f', 'NV43936', 'Nông Thị Mai', NULL, 0, '10851122303', NULL, '09720', 'Ivory_Figueroa6@example.com', '(184) 857-1250', '45ac3d26-18f2-18a9-3031-644313fbb055', 'Trưởng dự án', '469b3ece-744a-45d5-957d-e8c757976496', 'Phòng hỗ trợ khách hàng', 'SD', NULL, '1970-06-26', 0, NULL, NULL, '2022-08-09 23:20:09', 'Nguyễn Thái Giang'),
('78552287-558f-2255-90c2-579daad24557', 'NV51681', 'Võ Ngọc Hoa', '1973-10-01', 1, '52680360592', '2021-11-08', '14759', 'Abbott826@example.com', '(428) 401-9712', '7c4f14d8-66fb-14ae-198f-6354f958f4c0', 'Tổng giám đốc', '469b3ece-744a-45d5-957d-e8c757976496', 'Phòng hỗ trợ khách hàng', 'ONM7', 64000.5738, '2006-10-16', 1, '2022-01-02 01:02:43', 'Nguyễn Minh Mai', '2022-05-13 22:35:55', 'Bùi Tuấn Linh'),
('785b8b87-2c07-1490-1c1e-086412a8ea97', 'NV40688', 'Nông Ngọc Mai', '1962-09-24', 2, '63041560385', '1978-01-14', '94164', 'WestonAntoine@example.com', '(486) 625-8628', '647a538e-630d-39cd-0144-e5a214c15aa7', 'Giám đốc khối', '768f8e64-7d10-20c9-967d-e8c757976496', 'Phòng nhân sự', NULL, 99778.0607, NULL, 2, '2022-03-03 01:15:29', 'Nguyễn Ngọc Hoa', NULL, NULL),
('78b1d514-338c-3cdc-8641-c1ec321fe728', 'NV57081', 'Nguyễn Ngọc Linh', '1978-01-29', 2, '01024344166', '1998-01-28', '37111', 'Winkler51@nowhere.com', '(437) 389-4694', '45ac3d26-18f2-18a9-3031-644313fbb055', 'Trưởng dự án', '469b3ece-744a-45d5-957d-e8c757976496', 'Phòng hỗ trợ khách hàng', '5', 59769.4690, '1979-08-26', 2, '2022-02-19 08:03:49', 'Nguyễn Thị Diễm', '2022-01-15 21:00:47', 'Nông Ngọc Loan'),
('78c1afe0-3329-671a-031e-086412a8ea97', 'NV81641', 'Bùi Minh Hường', '1971-12-30', 1, '28372396341', '2017-03-28', '26737', 'JimmieBrunner@example.com', '(149) 854-3659', '75cce5a6-4f7f-3671-3cf3-eb0223d0a4f7', 'Lập trình viên', '11452b0c-768e-5ff7-0d63-eeb1d8ed8cef', 'Tổng công ty', 'F', 64748.7803, '1972-05-09', 1, '2022-02-15 20:17:17', 'Nguyễn Tuấn Ngọc', '2022-01-01 00:14:20', 'Nguyễn Ngọc Hân'),
('78c3fea4-2bc5-2fd9-191e-086412a8ea97', 'NV88494', 'Nguyễn Thị Ly', '1960-01-21', 2, '57827695140', '1977-05-11', '51956', 'Treadway6@example.com', '(943) 488-9145', '647a538e-630d-39cd-0144-e5a214c15aa7', 'Giám đốc khối', '768f8e64-7d10-20c9-967d-e8c757976496', 'Phòng nhân sự', 'M4HVQ12O56', 78190.1956, '1986-10-30', 2, '2022-05-10 02:43:24', 'Lê Việt Hân', '2022-04-20 04:04:52', 'Nguyễn Minh Ngọc'),
('78e5a8bd-7d65-431b-8c35-0028ed526dd0', 'NV80083', 'Trân Thị Mai', '1990-12-15', 2, '39927874343', '2014-06-10', '70810', 'Betsey_Utley@example.com', '(803) 570-1963', '7c4f14d8-66fb-14ae-198f-6354f958f4c0', 'Tổng giám đốc', '142cb08f-7c31-21fa-8e90-67245e8b283e', 'Phòng kế toán', NULL, 52015.8713, NULL, 2, '2022-02-13 22:22:17', 'Nguyễn Thị Loan', NULL, NULL),
('7900cb82-60ea-2f13-4680-de64d090a2c2', 'NV53042', 'Nguyễn Mai Hường', '1988-10-11', 2, '29804465328', '2002-10-15', '26806', 'Clinton@example.com', '(738) 367-0255', '647a538e-630d-39cd-0144-e5a214c15aa7', 'Giám đốc khối', '142cb08f-7c31-21fa-8e90-67245e8b283e', 'Phòng kế toán', 'BVXG78', 48668.9594, '2008-11-07', 2, '2022-05-18 10:31:23', 'Bùi Thị Giang', '2022-05-05 00:25:33', 'Nguyễn Thị Hường'),
('790c4470-7602-7a61-131e-086412a8ea97', 'NV47220', 'Hoàng Thái Loan', '1966-04-15', 0, '87291672594', '1984-04-15', '46710', 'vptrjb6@nowhere.com', '(745) 743-4925', '7c4f14d8-66fb-14ae-198f-6354f958f4c0', 'Tổng giám đốc', '4e272fc4-7875-78d6-7d32-6a1673ffca7c', 'Khối sản xuất', 'WW71', 81332.0073, '1985-01-06', 0, '2022-01-01 01:26:59', 'Nguyễn Ngọc Hương', '2022-07-24 18:30:39', 'Nguyễn Mai Linh'),
('79132c09-4e0b-785f-8ac2-579daad24557', 'NV27037', 'Mai Tuấn Thành', '1983-10-06', 1, '56780236249', '1995-10-03', '62279', 'Elenora_WByrnes4@example.com', '(837) 567-7931', '75cce5a6-4f7f-3671-3cf3-eb0223d0a4f7', 'Lập trình viên', '142cb08f-7c31-21fa-8e90-67245e8b283e', 'Phòng kế toán', 'D4111', 92671.5801, '1988-09-01', 1, '2022-04-15 01:12:02', 'Nguyễn Diễm Linh', '2022-04-30 05:25:44', 'Lê Thị Ngọc'),
('7931be07-d440-4f89-9c28-7066b7518e0a', 'NV99484', 'Nguyễn Minh Sơn', NULL, 0, '73812341870', NULL, '13579', 'Calloway@nowhere.com', '(726) 977-7688', '78aafe4a-67a7-2076-3bf3-eb0223d0a4f7', 'Chủ tịch', '142cb08f-7c31-21fa-8e90-67245e8b283e', 'Phòng kế toán', 'U55', 0.0000, NULL, 0, '2022-09-16 05:07:19', 'Nguyễn Văn Mạnh', '2022-09-16 05:07:19', 'Nguyễn Văn Mạnh'),
('793b3cb4-31a2-693e-d2d2-89b22d10517e', 'NV07185', 'Nguyễn Văn Hương', '1987-02-13', 0, '51430123041', '1996-03-10', '78943', 'Abreu@example.com', '(275) 919-4620', '78aafe4a-67a7-2076-3bf3-eb0223d0a4f7', 'Chủ tịch', '11452b0c-768e-5ff7-0d63-eeb1d8ed8cef', 'Tổng công ty', '8INNWG9', 42668.2493, '1978-09-09', 0, '2022-07-24 11:37:57', 'Bùi Thị Diễm', '2022-01-29 02:03:59', 'Nguyễn Văn Loan'),
('796cc126-691c-607b-ca41-c1ec321fe728', 'NV33309', 'Trân Minh Ngọc', '1971-02-08', 0, '82180725901', '1978-04-20', '02692', 'uzcidk9070@nowhere.com', '(296) 444-5432', '647a538e-630d-39cd-0144-e5a214c15aa7', 'Giám đốc khối', '11452b0c-768e-5ff7-0d63-eeb1d8ed8cef', 'Tổng công ty', '6R1T7', 116701.4194, '1970-01-02', 0, '2022-04-11 12:20:48', 'Nguyễn Thị Hương', '2022-01-01 00:00:02', 'Nguyễn Việt Diễm'),
('7976650d-4e86-2615-8c41-c1ec321fe728', 'NV84367', 'Lê Minh Diễm', '1988-04-05', 2, '08989054449', '1999-08-14', '65915', 'Barnett@example.com', '(416) 453-0123', '75cce5a6-4f7f-3671-3cf3-eb0223d0a4f7', 'Lập trình viên', '768f8e64-7d10-20c9-967d-e8c757976496', 'Phòng nhân sự', 'B5', 79118.9401, '1992-03-10', 2, '2022-02-27 02:25:20', 'Mai Diễm Mai', '2022-01-12 12:19:18', 'Nguyễn Thị Hân'),
('797daec5-5212-3d77-3835-60b3ebf808a9', 'NV19447', 'Nguyễn Thị Hương', '1952-02-22', 1, '65971457656', '1970-02-22', '59409', 'Donald@example.com', '(764) 178-5724', '78aafe4a-67a7-2076-3bf3-eb0223d0a4f7', 'Chủ tịch', '142cb08f-7c31-21fa-8e90-67245e8b283e', 'Phòng kế toán', 'U', 98320.9138, '2004-02-28', 1, '2022-01-01 00:00:53', 'Nguyễn Minh Giang', '2022-04-11 12:09:02', 'Nguyễn Minh Hoa'),
('79806d6f-4830-6311-2577-d9ebc53aac3d', 'NV66762', 'Nguyễn Diễm Giang', '1953-10-04', 0, '47961318972', '1971-10-05', '75855', 'HopperN@nowhere.com', '(424) 862-2613', '78aafe4a-67a7-2076-3bf3-eb0223d0a4f7', 'Chủ tịch', '17120d02-6ab5-3e43-18cb-66948daf6128', 'Phòng bảo vệ', 'WJ5', 34298.7295, '1993-02-04', 0, '2022-01-01 00:10:43', 'Lê Thị Mai', '2022-07-26 07:54:27', 'Hoàng Thị Diễm'),
('79a92bf2-2ba6-2110-a5f6-423b4e874d0f', 'NV63807', 'Nguyễn Thị Ngọc', NULL, 2, '07527849716', NULL, '24175', 'Pryor57@example.com', '(402) 588-7916', '45ac3d26-18f2-18a9-3031-644313fbb055', 'Trưởng dự án', '17120d02-6ab5-3e43-18cb-66948daf6128', 'Phòng bảo vệ', 'AE', NULL, '1993-11-02', 2, NULL, NULL, '2022-02-13 17:26:37', 'Nguyễn Văn "$VNTenNam.txt"'),
('79b32897-3f8e-5ff4-5cc2-579daad24557', 'NV80826', 'Nguyễn Tuấn Giang', '1952-09-12', 2, '09553158233', '1970-09-13', '06365', 'Lilley86@example.com', '(271) 527-9526', '45ac3d26-18f2-18a9-3031-644313fbb055', 'Trưởng dự án', '17120d02-6ab5-3e43-18cb-66948daf6128', 'Phòng bảo vệ', '9', 34270.4162, '1995-08-18', 2, '2022-01-01 00:04:16', 'Bùi Ngọc Ly', '2022-08-03 01:41:51', 'Bùi Diễm Diễm'),
('79dadd0d-69fa-5e30-35c2-579daad24557', 'NV16594', 'Nguyễn Thị Hương', '1999-08-31', 2, '66903981036', '2015-11-12', '82998', 'ourbk6238@nowhere.com', '(511) 408-8048', '7c4f14d8-66fb-14ae-198f-6354f958f4c0', 'Tổng giám đốc', '11452b0c-768e-5ff7-0d63-eeb1d8ed8cef', 'Tổng công ty', NULL, 75888.7957, NULL, 2, '2022-05-09 00:58:40', 'Nguyễn Văn Diễm', NULL, NULL),
('79dc6c92-4541-7305-eed2-89b22d10517e', 'NV85772', 'Trịnh Tuấn Lệ', '1996-07-01', 1, '33397037669', '1993-09-23', '83645', 'Abel_Acker6@example.com', '(843) 641-1518', '78aafe4a-67a7-2076-3bf3-eb0223d0a4f7', 'Chủ tịch', '768f8e64-7d10-20c9-967d-e8c757976496', 'Phòng nhân sự', '9F6', 76825.1540, '2002-01-24', 1, '2022-03-05 17:25:31', 'Nông Ngọc Mai', '2022-04-09 06:24:55', 'Nguyễn Thị Ly'),
('79e76e01-3ab3-7df1-4980-de64d090a2c2', 'NV13259', 'Nguyễn Mai Mai', '1963-06-24', 1, '60823105602', '1981-06-24', '19719', 'Milburn@nowhere.com', '(295) 224-0562', '647a538e-630d-39cd-0144-e5a214c15aa7', 'Giám đốc khối', '142cb08f-7c31-21fa-8e90-67245e8b283e', 'Phòng kế toán', 'B6Q', 88931.3936, '1998-11-26', 1, '2022-01-01 01:09:53', 'Bùi Thị Ly', '2022-08-27 18:24:41', 'Nguyễn Tuấn Lệ'),
('79f28644-2e76-563c-5235-60b3ebf808a9', 'NV92737', 'Nguyễn Minh Loan', '1993-03-14', 0, '39138930095', '1970-11-06', '65241', 'Garrison@nowhere.com', '(808) 051-2053', '78aafe4a-67a7-2076-3bf3-eb0223d0a4f7', 'Chủ tịch', '4e272fc4-7875-78d6-7d32-6a1673ffca7c', 'Khối sản xuất', 'NO4054A', 21750.0822, '1988-09-16', 0, '2022-03-03 03:34:59', 'Trân Thị Lệ', '2022-01-01 01:53:54', 'Nguyễn Ngọc Loan'),
('7a1114ad-76c4-3734-1f77-d9ebc53aac3d', 'NV65509', 'Nguyễn Diễm Hường', '1975-11-25', 2, '75147301932', '2003-08-27', '33530', 'Dedra.Laws888@nowhere.com', '(903) 459-6577', '78aafe4a-67a7-2076-3bf3-eb0223d0a4f7', 'Chủ tịch', '4e272fc4-7875-78d6-7d32-6a1673ffca7c', 'Khối sản xuất', 'T85', 117023.0159, '1970-01-09', 2, '2022-02-13 21:22:00', 'Mai Ngọc Diễm', '2022-01-01 00:00:09', 'Võ Mai Ly'),
('7a120a82-1e21-593d-081e-086412a8ea97', 'NV56792', 'Nguyễn Việt Ly', '1958-07-18', 1, '35336717990', '1983-02-20', '69468', 'LakishaConcepcion@example.com', '(173) 040-2301', '45ac3d26-18f2-18a9-3031-644313fbb055', 'Trưởng dự án', '469b3ece-744a-45d5-957d-e8c757976496', 'Phòng hỗ trợ khách hàng', 'U1P', 87505.5506, '1989-03-15', 1, '2022-07-12 22:26:55', 'Bùi Minh Hường', '2022-06-20 13:15:29', 'Võ Mai Ngọc'),
('7a125aae-1c50-3a73-85f6-423b4e874d0f', 'NV18792', 'Lê Văn Hương', '1955-01-23', 0, '08608854558', '2017-06-02', '77849', 'Bruns238@example.com', '(845) 185-0092', '3f8e6896-4c7d-15f5-a018-75d8bd200d7c', 'Nhân viên kiểm soát chất lượng', '11452b0c-768e-5ff7-0d63-eeb1d8ed8cef', 'Tổng công ty', NULL, 40135.6326, NULL, 0, '2022-03-06 13:35:56', 'Nguyễn Ngọc Ngọc', NULL, NULL),
('7a1502cf-627a-61ed-0fd3-89b22d10517e', 'NV41644', 'Trân Việt Ly', '1964-03-01', 1, '76761412503', '1974-11-29', '26029', 'Alger875@example.com', '(268) 993-7573', '45ac3d26-18f2-18a9-3031-644313fbb055', 'Trưởng dự án', '11452b0c-768e-5ff7-0d63-eeb1d8ed8cef', 'Tổng công ty', '652Z741', 32076.1451, '2019-12-25', 1, '2022-01-09 00:03:53', 'Nguyễn Minh Hương', '2022-04-02 13:19:44', 'Mai Ngọc Loan'),
('7a167e74-56ed-53c1-5180-de64d090a2c2', 'NV89293', 'Mai Thị Hoa', NULL, 2, '41281013915', NULL, '98247', 'qnibav1062@example.com', '(147) 509-4231', '45ac3d26-18f2-18a9-3031-644313fbb055', 'Trưởng dự án', '4e272fc4-7875-78d6-7d32-6a1673ffca7c', 'Khối sản xuất', '2', NULL, '1993-12-08', 2, NULL, NULL, '2022-01-01 02:25:43', 'Nguyễn Diễm Giang'),
('7a301ea4-331e-73f6-1a77-d9ebc53aac3d', 'NV15921', 'Mai Tuấn Linh', '1960-04-24', 0, '47810077310', '1978-04-25', '14688', 'Abel@nowhere.com', '(298) 241-4911', '3f8e6896-4c7d-15f5-a018-75d8bd200d7c', 'Nhân viên kiểm soát chất lượng', '17120d02-6ab5-3e43-18cb-66948daf6128', 'Phòng bảo vệ', 'W7', 21872.6104, '1980-09-02', 0, '2022-01-01 00:50:37', 'Nguyễn Việt Hương', '2022-03-13 23:20:15', 'Trịnh Tuấn Ngọc'),
('7a3fbd10-76db-716b-48c2-579daad24557', 'NV67095', 'Nguyễn Tuấn Mai', '2000-03-12', 1, '21718908409', '1978-07-05', '87325', 'AgripinaLatimer235@example.com', '(632) 843-0957', '3f8e6896-4c7d-15f5-a018-75d8bd200d7c', 'Nhân viên kiểm soát chất lượng', '142cb08f-7c31-21fa-8e90-67245e8b283e', 'Phòng kế toán', 'L', 110795.5492, '1970-03-21', 1, '2022-03-17 03:22:11', 'Bùi Diễm "$VNTenNam.txt"', '2022-01-01 00:01:20', 'Võ Minh "$VNTenNam.txt"'),
('7a60ae7d-1270-7f48-2435-60b3ebf808a9', 'NV37843', 'Trân Thái Hường', '1977-05-27', 2, '79927212545', '1973-10-13', '97121', 'aavnj0815@example.com', '(601) 022-9659', '45ac3d26-18f2-18a9-3031-644313fbb055', 'Trưởng dự án', '142cb08f-7c31-21fa-8e90-67245e8b283e', 'Phòng kế toán', '9W33', 69396.0881, '2014-09-18', 2, '2022-01-26 05:10:36', 'Lê Văn Ly', '2022-05-25 16:34:18', 'Trịnh Ngọc Giang'),
('7a8c9740-1d7e-1eeb-7277-d9ebc53aac3d', 'NV42247', 'Nguyễn Minh Hương', '1953-03-20', 1, '22526558419', '1971-03-21', '64582', 'KarissaFrame@example.com', '(797) 614-4053', '45ac3d26-18f2-18a9-3031-644313fbb055', 'Trưởng dự án', '11452b0c-768e-5ff7-0d63-eeb1d8ed8cef', 'Tổng công ty', '5R4U', 104958.8147, '1985-06-01', 1, '2022-01-01 00:07:25', 'Nguyễn Thị Diễm', '2022-06-18 06:05:54', 'Hoàng Thái Giang'),
('7a93f087-7a0e-1704-6f35-0028ed526dd0', 'NV70375', 'Hoàng Thị Lan', '1986-11-07', 2, '74972114983', '1982-08-07', '54140', 'Aguilar641@example.com', '(793) 661-0366', '45ac3d26-18f2-18a9-3031-644313fbb055', 'Trưởng dự án', '17120d02-6ab5-3e43-18cb-66948daf6128', 'Phòng bảo vệ', 'L41', 114801.7849, '2004-04-12', 2, '2022-03-15 03:43:22', 'Nguyễn Thị Lệ', '2022-03-05 22:21:45', 'Mai Thị Mai'),
('7a9c0a69-479a-4ee6-ef1d-086412a8ea97', 'NV27119', 'Nguyễn Minh Loan', '1992-06-13', 0, '45664160750', '1974-02-09', '59127', 'Florene_Flannery37@nowhere.com', '(335) 465-7045', '7c4f14d8-66fb-14ae-198f-6354f958f4c0', 'Tổng giám đốc', '17120d02-6ab5-3e43-18cb-66948daf6128', 'Phòng bảo vệ', '53Y', 72185.3542, '1980-04-17', 0, '2022-01-20 10:41:26', 'Nguyễn Mai Hương', '2022-01-01 01:02:40', 'Nguyễn Văn Mai'),
('7ab946b4-73ce-5350-e0d2-89b22d10517e', 'NV54969', 'Nguyễn Thị Hoa', NULL, 0, '29830180391', NULL, '89548', 'DylanJohns@example.com', '(506) 341-7169', '7c4f14d8-66fb-14ae-198f-6354f958f4c0', 'Tổng giám đốc', '4e272fc4-7875-78d6-7d32-6a1673ffca7c', 'Khối sản xuất', '1', NULL, '1979-12-02', 0, NULL, NULL, '2022-04-24 16:25:32', 'Nguyễn Minh Hương'),
('7ad34860-1ac8-7ad7-d01d-086412a8ea97', 'NV69628', 'Nguyễn Thị Hoa', '1952-01-07', 0, '76574909328', '1970-01-07', '42753', 'Barron@nowhere.com', '(833) 067-7569', '3f8e6896-4c7d-15f5-a018-75d8bd200d7c', 'Nhân viên kiểm soát chất lượng', '469b3ece-744a-45d5-957d-e8c757976496', 'Phòng hỗ trợ khách hàng', '26', 32945.0341, '1970-01-04', 0, '2022-01-01 00:00:07', 'Võ Mai Linh', '2022-01-01 00:00:04', 'Mai Thị Ngọc'),
('7af32121-34e9-1963-4c35-60b3ebf808a9', 'NV03804', 'Nguyễn Thị Ngọc', '1952-01-07', 1, '19653753517', '1970-01-07', '75278', 'Cornelius.Damon5@nowhere.com', '(295) 013-1334', '78aafe4a-67a7-2076-3bf3-eb0223d0a4f7', 'Chủ tịch', '11452b0c-768e-5ff7-0d63-eeb1d8ed8cef', 'Tổng công ty', '5', 107131.7160, '1973-04-04', 1, '2022-01-01 00:00:07', 'Trịnh Thị Hường', '2022-05-17 18:16:30', 'Mai Thị Hoa'),
('7b577628-12ee-67b1-7ac2-579daad24557', 'NV46876', 'Nguyễn Thái Ly', '1970-05-12', 2, '78704828365', '1991-01-14', '27964', 'Abbie.Gamboa448@example.com', '(737) 771-5216', '45ac3d26-18f2-18a9-3031-644313fbb055', 'Trưởng dự án', '768f8e64-7d10-20c9-967d-e8c757976496', 'Phòng nhân sự', '8', 46187.0413, '1970-01-04', 2, '2022-01-07 04:09:57', 'Nguyễn Minh Mai', '2022-01-01 00:00:04', 'Nguyễn Ngọc Hân'),
('7b62b101-3877-6c73-4f35-60b3ebf808a9', 'NV20836', 'Mai Việt Ly', '1952-01-07', 0, '54579109662', '1970-01-07', '99162', 'GlennieCintron@example.com', '(841) 971-6588', '7c4f14d8-66fb-14ae-198f-6354f958f4c0', 'Tổng giám đốc', '11452b0c-768e-5ff7-0d63-eeb1d8ed8cef', 'Tổng công ty', '02M88X0J2Z', 110693.1762, '1986-12-05', 0, '2022-01-01 00:00:07', 'Trân Thị Hân', '2022-05-11 17:58:01', 'Nguyễn Thị Ly'),
('7b666cc3-1b67-6037-67f6-423b4e874d0f', 'NV60811', 'Trịnh Minh Ly', '1973-03-07', 1, '70947968894', '1981-03-22', '64584', 'Ruffin@nowhere.com', '(494) 993-6629', '35e773ea-5d44-2dda-26a8-6d513e380bde', 'Phó chủ tịch', '11452b0c-768e-5ff7-0d63-eeb1d8ed8cef', 'Tổng công ty', '2Z', 68274.4285, '1996-04-08', 1, '2022-05-26 20:30:46', 'Trịnh Ngọc Hoa', '2022-01-16 23:46:29', 'Nguyễn Ngọc Hân'),
('7b9111cb-4374-17d7-8335-0028ed526dd0', 'NV78216', 'Nguyễn Thị Hoa', '1952-01-06', 2, '87922114549', '1970-01-06', '39504', 'dwutitpe739@example.com', '(738) 219-5793', '7c4f14d8-66fb-14ae-198f-6354f958f4c0', 'Tổng giám đốc', '768f8e64-7d10-20c9-967d-e8c757976496', 'Phòng nhân sự', 'E4D4', 33022.2691, '1971-05-03', 2, '2022-01-01 00:00:06', 'Mai Thị Ngọc', '2022-01-01 00:08:08', 'Nguyễn Thị Loan'),
('7bc9331d-7764-5dd7-80f6-423b4e874d0f', 'NV19529', 'Nguyễn Việt Hân', '1965-01-25', 1, '66670575960', '2018-05-30', '53997', 'Bingham123@nowhere.com', '(144) 640-3707', '78aafe4a-67a7-2076-3bf3-eb0223d0a4f7', 'Chủ tịch', '11452b0c-768e-5ff7-0d63-eeb1d8ed8cef', 'Tổng công ty', NULL, 23040.7057, NULL, 1, '2022-08-19 20:52:15', 'Nguyễn Minh Loan', NULL, NULL),
('7bd9cf39-3f55-3a7b-0035-60b3ebf808a9', 'NV60915', 'Trân Ngọc Hường', '1967-11-30', 2, '27868763370', '1977-08-24', '49926', 'Sima_Call6@example.com', '(131) 136-7890', '35e773ea-5d44-2dda-26a8-6d513e380bde', 'Phó chủ tịch', '4e272fc4-7875-78d6-7d32-6a1673ffca7c', 'Khối sản xuất', 'Y171', 86016.2206, '2006-03-17', 2, '2022-05-04 16:05:07', 'Nông Thái Hương', '2022-05-04 04:57:57', 'Trịnh Văn Ngọc'),
('7c086898-6040-64ee-4777-d9ebc53aac3d', 'NV99475', 'Võ Thị Linh', NULL, 2, '73699482616', NULL, '99167', 'crxwun4@example.com', '(703) 914-2233', '75cce5a6-4f7f-3671-3cf3-eb0223d0a4f7', 'Lập trình viên', '11452b0c-768e-5ff7-0d63-eeb1d8ed8cef', 'Tổng công ty', NULL, NULL, NULL, 2, NULL, NULL, NULL, NULL),
('7c1ae6ac-6c72-7436-2dc2-579daad24557', 'NV11676', 'Mai Thị Linh', '1957-02-26', 0, '25641679920', '2020-12-07', '43030', 'Buck.Y_Agnew669@example.com', '(579) 163-9312', '647a538e-630d-39cd-0144-e5a214c15aa7', 'Giám đốc khối', '469b3ece-744a-45d5-957d-e8c757976496', 'Phòng hỗ trợ khách hàng', NULL, 60698.2579, NULL, 0, '2022-01-09 05:06:56', 'Nguyễn Thái Hoa', NULL, NULL),
('7c4930eb-15da-401d-d041-c1ec321fe728', 'NV64415', 'Nguyễn Ngọc Hường', '1973-04-22', 2, '38189713857', '2003-11-17', '13425', 'Ackerman@nowhere.com', '(911) 124-3495', '75cce5a6-4f7f-3671-3cf3-eb0223d0a4f7', 'Lập trình viên', '142cb08f-7c31-21fa-8e90-67245e8b283e', 'Phòng kế toán', '15', 107720.9998, '2007-03-02', 2, '2022-08-08 23:20:02', 'Trịnh Việt "$VNTenNam.txt"', '2022-08-04 13:31:54', 'Nguyễn Thị Linh'),
('7c59ba0b-4768-4115-3477-d9ebc53aac3d', 'NV08372', 'Mai Ngọc Hoa', '1955-11-18', 0, '54271617300', '2012-10-01', '53934', 'asjf5008@example.com', '(850) 189-2636', '45ac3d26-18f2-18a9-3031-644313fbb055', 'Trưởng dự án', '142cb08f-7c31-21fa-8e90-67245e8b283e', 'Phòng kế toán', '0VAIU6', 60419.2224, '2010-08-04', 0, '2022-06-28 17:53:48', 'Lê Thái Giang', '2022-06-29 04:10:55', 'Lê Tuấn Hương'),
('7c5dab1c-29a4-5bc2-1f1e-086412a8ea97', 'NV11489', 'Võ Văn Ngọc', '1981-06-15', 2, '52018281381', '1974-06-19', '04549', 'GilbertoTiller@example.com', '(717) 726-0836', '75cce5a6-4f7f-3671-3cf3-eb0223d0a4f7', 'Lập trình viên', '4e272fc4-7875-78d6-7d32-6a1673ffca7c', 'Khối sản xuất', 'I', 111504.1628, '2008-11-07', 2, '2022-08-03 10:46:55', 'Nguyễn Ngọc Hường', '2022-06-24 19:27:34', 'Nguyễn Mai "$VNTenNam.txt"'),
('7c6c70d9-2ed5-49d8-81f6-423b4e874d0f', 'NV00065', 'Võ Thị Hương', '1952-02-23', 1, '04182879255', '1970-02-23', '84104', 'DeborahParker377@example.com', '(993) 006-4022', '7c4f14d8-66fb-14ae-198f-6354f958f4c0', 'Tổng giám đốc', '4e272fc4-7875-78d6-7d32-6a1673ffca7c', 'Khối sản xuất', '51', 80470.8203, '2010-03-18', 1, '2022-01-01 00:00:54', 'Nguyễn Thị Hường', '2022-04-07 10:49:05', 'Trân Minh Hương'),
('7c86746a-4284-356e-e11d-086412a8ea97', 'NV92811', 'Nguyễn Ngọc Ly', '1985-03-30', 1, '75233739709', '1980-11-22', '37004', 'Abel.Hutton677@example.com', '(335) 214-5841', '35e773ea-5d44-2dda-26a8-6d513e380bde', 'Phó chủ tịch', '4e272fc4-7875-78d6-7d32-6a1673ffca7c', 'Khối sản xuất', '7AFW4PW7U87', 22132.1441, '2020-12-17', 1, '2022-03-16 02:20:45', 'Trịnh Tuấn Hường', '2022-08-16 18:41:46', 'Nguyễn Minh Diễm'),
('7c91aca9-2b65-3f3d-7d35-0028ed526dd0', 'NV56604', 'Lê Thị Hương', '1953-06-20', 1, '21431454190', '1971-06-21', '50494', 'tlal576@example.com', '(862) 289-6353', '647a538e-630d-39cd-0144-e5a214c15aa7', 'Giám đốc khối', '4e272fc4-7875-78d6-7d32-6a1673ffca7c', 'Khối sản xuất', 'P', 44541.7757, '1999-01-31', 1, '2022-01-01 00:08:57', 'Hoàng Thị Ngọc', '2022-03-05 01:19:48', 'Nguyễn Văn Hân'),
('7c9b1a92-6272-7972-62c2-579daad24557', 'NV73691', 'Võ Việt Giang', '1981-05-04', 1, '51277746226', '1972-02-12', '26968', 'Beals@example.com', '(690) 707-2446', '647a538e-630d-39cd-0144-e5a214c15aa7', 'Giám đốc khối', '142cb08f-7c31-21fa-8e90-67245e8b283e', 'Phòng kế toán', 'KI', 63336.7739, '1995-12-15', 1, '2022-06-11 16:51:51', 'Nguyễn Thị Loan', '2022-05-01 15:08:37', 'Nông Ngọc Hoa'),
('7cf0cba5-7c84-2cf6-bff6-423b4e874d0f', 'NV36880', 'Võ Thị Ly', NULL, 2, '09174169478', NULL, '91500', 'Boucher73@example.com', '(573) 265-0779', '35e773ea-5d44-2dda-26a8-6d513e380bde', 'Phó chủ tịch', '4e272fc4-7875-78d6-7d32-6a1673ffca7c', 'Khối sản xuất', '29HO', NULL, '2014-02-27', 2, NULL, NULL, '2022-07-04 13:31:49', 'Nguyễn Mai Hường'),
('7d7c8cbb-3c1b-7e12-6680-7ed9d1ea06ea', 'NV97554', 'Nguyễn Minh Giang', '1952-03-20', 2, '72107423403', '1987-08-25', '34574', 'bxsjenru_epos@example.com', '(783) 843-3505', '75cce5a6-4f7f-3671-3cf3-eb0223d0a4f7', 'Lập trình viên', '11452b0c-768e-5ff7-0d63-eeb1d8ed8cef', 'Tổng công ty', 'CGF5', 50347.0807, '1972-04-30', 2, '2022-02-18 13:40:15', 'Trân Minh Hường', '2022-01-01 00:14:11', 'Trịnh Thị Loan'),
('7d7eeed2-2d5b-7355-9c41-c1ec321fe728', 'NV05108', 'Nguyễn Ngọc Mai', '1955-05-29', 2, '75027510406', '2008-06-07', '61271', 'uwbyme50@example.com', '(755) 758-2710', '78aafe4a-67a7-2076-3bf3-eb0223d0a4f7', 'Chủ tịch', '4e272fc4-7875-78d6-7d32-6a1673ffca7c', 'Khối sản xuất', 'R50', 27292.1420, '1976-12-12', 2, '2022-07-07 14:00:02', 'Nguyễn Thái Mai', '2022-06-19 13:28:51', 'Nguyễn Minh Hoa'),
('7d817578-2d6f-7bd4-9841-c1ec321fe728', 'NV62888', 'Hoàng Tuấn Ly', '1952-09-24', 1, '65310537370', '1970-09-25', '56534', 'Adolfo_Hough1@example.com', '(832) 601-6084', '45ac3d26-18f2-18a9-3031-644313fbb055', 'Trưởng dự án', '17120d02-6ab5-3e43-18cb-66948daf6128', 'Phòng bảo vệ', '891R', 32514.1766, '1971-10-21', 1, '2022-01-01 00:04:28', 'Bùi Mai Loan', '2022-01-01 00:10:59', 'Lê Diễm Hương'),
('7d879258-5ccb-11d6-e31d-086412a8ea97', 'NV85822', 'Nguyễn Thị Hoa', '1961-10-29', 2, '61001691929', '2011-03-17', '90643', 'DavidBohn@example.com', '(180) 251-9004', '78aafe4a-67a7-2076-3bf3-eb0223d0a4f7', 'Chủ tịch', '142cb08f-7c31-21fa-8e90-67245e8b283e', 'Phòng kế toán', 'TE25A', 95984.3884, '1999-11-27', 2, '2022-05-18 06:42:29', 'Nguyễn Tuấn Mai', '2022-06-14 04:48:48', 'Nguyễn Việt Hường'),
('7d93bad9-3e19-7622-92f6-423b4e874d0f', 'NV44693', 'Nguyễn Ngọc Diễm', '1984-01-09', 0, '72138295030', '1977-07-26', '61223', 'Elton_Dasilva663@example.com', '(792) 250-6976', '45ac3d26-18f2-18a9-3031-644313fbb055', 'Trưởng dự án', '768f8e64-7d10-20c9-967d-e8c757976496', 'Phòng nhân sự', '46XAC', 119497.3882, '1978-07-29', 0, '2022-06-17 04:49:43', 'Nguyễn Thái Hân', '2022-08-06 05:30:09', 'Võ Diễm Lệ'),
('7dbe4800-49e2-7ac7-efd2-89b22d10517e', 'NV70586', 'Nông Thị Giang', '1955-12-19', 2, '71110428715', '2004-06-07', '42593', 'AddiePulido@example.com', '(457) 474-8527', '3f8e6896-4c7d-15f5-a018-75d8bd200d7c', 'Nhân viên kiểm soát chất lượng', '17120d02-6ab5-3e43-18cb-66948daf6128', 'Phòng bảo vệ', '3', 101532.3972, '1972-01-28', 2, '2022-07-18 19:17:59', 'Nguyễn Mai Linh', '2022-06-04 00:01:52', 'Hoàng Thị Linh'),
('7dc15ff7-7a2b-68a9-9941-c1ec321fe728', 'NV98067', 'Nguyễn Thái Hân', '1963-05-12', 2, '62735350701', '2004-07-22', '34222', 'Daphne_Cabrera56@nowhere.com', '(966) 155-6066', '75cce5a6-4f7f-3671-3cf3-eb0223d0a4f7', 'Lập trình viên', '17120d02-6ab5-3e43-18cb-66948daf6128', 'Phòng bảo vệ', '1A20N', 31940.1923, '2009-12-09', 2, '2022-05-17 23:01:21', 'Nguyễn Việt Mai', '2022-06-12 21:17:48', 'Nguyễn Ngọc Linh'),
('7dc408ca-54cc-7f10-b741-c1ec321fe728', 'NV47065', 'Bùi Thị Hương', '1953-03-02', 0, '11783761126', '1982-11-16', '98180', 'Pennington@example.com', '(447) 415-0653', '35e773ea-5d44-2dda-26a8-6d513e380bde', 'Phó chủ tịch', '142cb08f-7c31-21fa-8e90-67245e8b283e', 'Phòng kế toán', 'V', 20055.7499, '1982-10-22', 0, '2022-02-21 07:24:57', 'Mai Thị Giang', '2022-04-23 07:29:32', 'Trịnh Ngọc Hân'),
('7de61ac2-6b86-1ed1-5e77-d9ebc53aac3d', 'NV54498', 'Nguyễn Minh Ly', '1954-08-13', 1, '85206574023', '1972-08-13', '19671', 'hcgzbcty_hqrkzdfmb@nowhere.com', '(192) 901-2953', '7c4f14d8-66fb-14ae-198f-6354f958f4c0', 'Tổng giám đốc', '768f8e64-7d10-20c9-967d-e8c757976496', 'Phòng nhân sự', 'X', 60792.6736, '1971-09-06', 1, '2022-01-01 00:15:56', 'Trân Việt "$VNTenNam.txt"', '2022-01-01 00:10:14', 'Nguyễn Ngọc Giang'),
('7de8d0d1-5c10-2c39-0ad3-89b22d10517e', 'NV14185', 'Nguyễn Thị Ly', '1978-12-24', 1, '40292453462', '1996-12-24', '81432', 'Escamilla@nowhere.com', '(648) 733-7272', '7c4f14d8-66fb-14ae-198f-6354f958f4c0', 'Tổng giám đốc', '4e272fc4-7875-78d6-7d32-6a1673ffca7c', 'Khối sản xuất', '02KU', 76841.9996, '1978-08-11', 1, '2022-01-01 02:44:15', 'Nguyễn Mai "$VNTenNam.txt"', '2022-05-08 10:45:19', 'Bùi Tuấn Hường'),
('7e24263d-337e-26e5-b9f6-423b4e874d0f', 'NV44512', 'Nguyễn Ngọc Ly', '1958-05-20', 2, '64668887543', '1976-05-20', '36285', 'Sapp@example.com', '(721) 761-8983', '35e773ea-5d44-2dda-26a8-6d513e380bde', 'Phó chủ tịch', '17120d02-6ab5-3e43-18cb-66948daf6128', 'Phòng bảo vệ', 'OIE7KL583PY8', 117223.3301, '1983-01-27', 2, '2022-01-01 00:38:52', 'Nguyễn Việt Ly', '2022-04-18 18:34:59', 'Võ Mai Linh'),
('7e2a5a41-2f53-7faa-af80-7ed9d1ea06ea', 'NV27109', 'Nguyễn Minh Hường', '1990-08-27', 0, '61530892761', '1970-10-13', '12994', 'Acevedo@nowhere.com', '(685) 879-9868', '7c4f14d8-66fb-14ae-198f-6354f958f4c0', 'Tổng giám đốc', '768f8e64-7d10-20c9-967d-e8c757976496', 'Phòng nhân sự', '378', 64277.4132, '2020-09-22', 0, '2022-05-29 00:51:31', 'Nguyễn Minh Hương', '2022-07-21 06:25:41', 'Nguyễn Văn Ngọc'),
('7e5515d8-20e7-769c-3d80-de64d090a2c2', 'NV27458', 'Nguyễn Văn Hường', '1965-05-22', 2, '78251526238', '2004-03-03', '32626', 'NumbersT@example.com', '(211) 596-2297', '45ac3d26-18f2-18a9-3031-644313fbb055', 'Trưởng dự án', '4e272fc4-7875-78d6-7d32-6a1673ffca7c', 'Khối sản xuất', '0C', 65526.1153, '1991-09-16', 2, '2022-04-28 11:04:47', 'Nguyễn Minh Diễm', '2022-02-14 09:05:18', 'Nguyễn Ngọc Ngọc'),
('7e59676d-6ddf-463f-291e-086412a8ea97', 'NV98676', 'Nguyễn Văn Hương', '1996-01-05', 2, '74789367749', '1977-02-16', '89526', 'Bonilla@example.com', '(518) 830-8650', '647a538e-630d-39cd-0144-e5a214c15aa7', 'Giám đốc khối', '142cb08f-7c31-21fa-8e90-67245e8b283e', 'Phòng kế toán', 'Q9C48', 118711.4498, '1983-08-18', 2, '2022-08-26 00:18:29', 'Nguyễn Mai Ly', '2022-04-16 23:16:00', 'Bùi Thị Linh'),
('7e5c61c2-3bc7-43b6-ad80-7ed9d1ea06ea', 'NV68329', 'Nguyễn Thị Hường', '1999-10-18', 0, '24727944784', '1982-01-11', '61560', 'AdalbertoMorehead392@example.com', '(727) 033-5337', '35e773ea-5d44-2dda-26a8-6d513e380bde', 'Phó chủ tịch', '11452b0c-768e-5ff7-0d63-eeb1d8ed8cef', 'Tổng công ty', '81', 119648.1646, '2005-04-04', 0, '2022-01-21 09:41:56', 'Nông Thị Hân', '2022-02-10 08:47:59', 'Nguyễn Minh Linh'),
('7e61a689-2cd8-340e-2677-d9ebc53aac3d', 'NV44605', 'Bùi Thái Hân', '1967-10-25', 0, '59450764715', '1985-10-25', '51774', 'uafuxcvn.bjehl@example.com', '(460) 648-7037', '35e773ea-5d44-2dda-26a8-6d513e380bde', 'Phó chủ tịch', '11452b0c-768e-5ff7-0d63-eeb1d8ed8cef', 'Tổng công ty', 'H4F6U', 25884.9610, '1972-09-11', 0, '2022-01-01 01:36:17', 'Nguyễn Việt Hường', '2022-01-04 13:49:23', 'Nguyễn Minh Ngọc'),
('7eb0c75b-7fd7-4a66-6177-d9ebc53aac3d', 'NV56043', 'Nguyễn Thị Diễm', '1952-01-10', 2, '31072028675', '1970-01-10', '19132', 'Chelsey.BBegay@nowhere.com', '(685) 777-4262', '3f8e6896-4c7d-15f5-a018-75d8bd200d7c', 'Nhân viên kiểm soát chất lượng', '4e272fc4-7875-78d6-7d32-6a1673ffca7c', 'Khối sản xuất', '629F', 104677.3566, '1979-10-08', 2, '2022-01-01 00:00:10', 'Nguyễn Ngọc "$VNTenNam.txt"', '2022-01-01 00:59:28', 'Nguyễn Thị Hân'),
('7ecb49ca-7cf1-3dfe-aef6-423b4e874d0f', 'NV97201', 'Lê Ngọc Hân', '1964-04-23', 1, '34945791939', '1972-04-07', '71594', 'LatoshaGuerra114@example.com', '(331) 582-6610', '647a538e-630d-39cd-0144-e5a214c15aa7', 'Giám đốc khối', '142cb08f-7c31-21fa-8e90-67245e8b283e', 'Phòng kế toán', 'P', 58195.3867, '1979-02-06', 1, '2022-01-15 03:15:23', 'Hoàng Tuấn "$VNTenNam.txt"', '2022-01-01 00:55:24', 'Nguyễn Ngọc Lệ'),
('7eebdc34-6c41-1ab4-5735-0028ed526dd0', 'NV74737', 'Nguyễn Tuấn Hường', '1952-01-04', 1, '96253625482', '1970-01-04', '53753', 'Echevarria@nowhere.com', '(445) 581-7884', '45ac3d26-18f2-18a9-3031-644313fbb055', 'Trưởng dự án', '142cb08f-7c31-21fa-8e90-67245e8b283e', 'Phòng kế toán', 'I4W57', 90576.3537, '1984-03-24', 1, '2022-01-01 00:00:04', 'Bùi Việt Lệ', '2022-07-05 20:54:03', 'Lê Ngọc Mai'),
('7eff3d36-4c83-5395-5e35-0028ed526dd0', 'NV65128', 'Nguyễn Ngọc Giang', NULL, 2, '95416421299', NULL, '04819', 'Barth@nowhere.com', '(303) 314-5112', '3f8e6896-4c7d-15f5-a018-75d8bd200d7c', 'Nhân viên kiểm soát chất lượng', '4e272fc4-7875-78d6-7d32-6a1673ffca7c', 'Khối sản xuất', 'X2TY9', NULL, '1982-07-01', 2, NULL, NULL, '2022-01-01 01:16:05', 'Nguyễn Diễm Hường'),
('7f15e774-3960-53fc-06d3-89b22d10517e', 'NV12079', 'Nguyễn Thị Hường', '1952-03-07', 2, '94972584888', '1970-03-08', '66010', 'Chung_Stanfield92@nowhere.com', '(271) 785-5586', '45ac3d26-18f2-18a9-3031-644313fbb055', 'Trưởng dự án', '469b3ece-744a-45d5-957d-e8c757976496', 'Phòng hỗ trợ khách hàng', '9T', 58532.2536, '1972-09-11', 2, '2022-01-01 00:01:07', 'Nguyễn Minh "$VNTenNam.txt"', '2022-06-22 08:47:39', 'Mai Mai Diễm'),
('7f197101-5ab4-77f8-67c2-579daad24557', 'NV13941', 'Hoàng Ngọc Loan', '1952-12-11', 1, '08534734764', '1970-12-12', '43368', 'DonaldShanks45@example.com', '(234) 721-5913', '45ac3d26-18f2-18a9-3031-644313fbb055', 'Trưởng dự án', '142cb08f-7c31-21fa-8e90-67245e8b283e', 'Phòng kế toán', '801APQZ98T88', 110450.0277, '2004-08-31', 1, '2022-01-01 00:05:46', 'Lê Thị Giang', '2022-05-06 14:05:37', 'Lê Ngọc Loan'),
('7f1b6c7c-2b74-3ebb-31c2-579daad24557', 'NV50782', 'Nguyễn Việt Hương', '1992-02-27', 0, '51901223848', '2005-02-05', '99145', 'CaritaHSchmitz@nowhere.com', '(467) 225-3273', '35e773ea-5d44-2dda-26a8-6d513e380bde', 'Phó chủ tịch', '469b3ece-744a-45d5-957d-e8c757976496', 'Phòng hỗ trợ khách hàng', '4T402', 88837.4208, '1998-10-24', 0, '2022-04-29 17:12:19', 'Bùi Minh Lệ', '2022-04-29 18:12:03', 'Trân Thị Hân'),
('7f556aba-678d-2145-7577-d9ebc53aac3d', 'NV53354', 'Nguyễn Văn Mai', NULL, 1, '93443784334', NULL, '28432', 'CelestinaMesa@nowhere.com', '(578) 697-4370', '7c4f14d8-66fb-14ae-198f-6354f958f4c0', 'Tổng giám đốc', '142cb08f-7c31-21fa-8e90-67245e8b283e', 'Phòng kế toán', '2C5', NULL, '2005-09-28', 1, NULL, NULL, '2022-08-01 01:22:53', 'Nguyễn Văn Loan'),
('7f7694c4-31a9-2ad0-e341-c1ec321fe728', 'NV62739', 'Nguyễn Ngọc Hân', NULL, 2, '98515403664', NULL, '54853', 'Bailey_Lara@nowhere.com', '(304) 605-2504', '75cce5a6-4f7f-3671-3cf3-eb0223d0a4f7', 'Lập trình viên', '4e272fc4-7875-78d6-7d32-6a1673ffca7c', 'Khối sản xuất', NULL, NULL, NULL, 2, NULL, NULL, NULL, NULL),
('7f7a7d65-1688-76d9-6b80-de64d090a2c2', 'NV90450', 'Nguyễn Thị Mai', '1958-07-12', 0, '10926221219', '2013-01-24', '68560', 'JeniceMurrell@example.com', '(534) 987-6754', '35e773ea-5d44-2dda-26a8-6d513e380bde', 'Phó chủ tịch', '4e272fc4-7875-78d6-7d32-6a1673ffca7c', 'Khối sản xuất', '7S', 56630.7757, '1972-02-17', 0, '2022-08-25 22:01:05', 'Nguyễn Việt Lệ', '2022-01-01 00:12:58', 'Nguyễn Ngọc Hường'),
('7ffc8175-788c-17ff-f81d-086412a8ea97', 'NV30031', 'Trịnh Mai Hưng', '1977-05-26', 0, '08381197925', '1978-08-15', '82854', 'Classie_Leblanc@nowhere.com', '(832) 015-5692', '647a538e-630d-39cd-0144-e5a214c15aa7', 'Giám đốc khối', '11452b0c-768e-5ff7-0d63-eeb1d8ed8cef', 'Tổng công ty', 'U', 118457.5074, '1972-03-29', 0, '2022-05-14 05:27:36', 'Mai Việt Hân', '2022-02-04 07:18:37', 'Nguyễn Việt Lệ'),
('92da8d27-f96c-476f-8178-13b753ba68e4', 'NV99481', 'Nguyễn Văn C', NULL, 0, '1231413', NULL, NULL, 'eebvht@gmail.com', '1234132354', '35e773ea-5d44-2dda-26a8-6d513e380bde', 'Phó chủ tịch', '11452b0c-768e-5ff7-0d63-eeb1d8ed8cef', 'Tổng công ty', NULL, 0.0000, NULL, 0, '2022-09-16 05:06:03', 'Nguyễn Văn Mạnh', '2022-09-16 05:06:03', 'Nguyễn Văn Mạnh'),
('959f5228-9541-40b3-8bc3-f7deb5996d73', 'NV99479', 'Test2', NULL, 0, '3532435435', NULL, NULL, 'eebvht@gmail.com', '243234', '35e773ea-5d44-2dda-26a8-6d513e380bde', 'Phó chủ tịch', '11452b0c-768e-5ff7-0d63-eeb1d8ed8cef', 'Tổng công ty', NULL, 12.0000, NULL, 0, '2022-09-16 05:05:24', 'Nguyễn Văn Mạnh', '2022-09-16 05:05:24', 'Nguyễn Văn Mạnh'),
('975720e8-619c-4a6e-9572-ca62cf1bec0b', 'NV99488', 'Test', NULL, 0, '23423', NULL, NULL, 'eebvht@gmail.com', '234234', '35e773ea-5d44-2dda-26a8-6d513e380bde', 'Phó chủ tịch', '11452b0c-768e-5ff7-0d63-eeb1d8ed8cef', 'Tổng công ty', NULL, 0.0000, NULL, 0, '2022-09-16 14:53:35', 'Nguyễn Văn Mạnh', '2022-09-16 14:53:35', 'Nguyễn Văn Mạnh'),
('aec3b443-ba0a-414e-a4d4-d045b51e76fd', 'NV99477', 'Nguyễn Văn A', NULL, 0, '1231413', NULL, NULL, 'eebvht@gmail.com', '1234132354', '35e773ea-5d44-2dda-26a8-6d513e380bde', 'Phó chủ tịch', '11452b0c-768e-5ff7-0d63-eeb1d8ed8cef', 'Tổng công ty', NULL, 0.0000, NULL, 0, '2022-09-16 04:18:03', 'Nguyễn Văn Mạnh', '2022-09-16 04:18:03', 'Nguyễn Văn Mạnh'),
('bd8b9aa6-463b-4974-9ca5-5d659eb8e342', 'NV99486', 'Nguyễn Mai Thảo', NULL, 1, '60823105602', NULL, '19719', 'Milburn@nowhere.com', '(295) 224-0562', '647a538e-630d-39cd-0144-e5a214c15aa7', 'Giám đốc khối', '142cb08f-7c31-21fa-8e90-67245e8b283e', 'Phòng kế toán', 'B6Q', 88931.3936, NULL, 1, '2022-09-16 05:08:01', 'Nguyễn Văn Mạnh', '2022-09-16 05:08:01', 'Nguyễn Văn Mạnh'),
('c3098f42-f1ef-473c-a49a-c629da9d34dd', 'NV99485', 'Nguyễn Ngọc Liên', NULL, 1, '75233739709', NULL, '37004', 'Abel.Hutton677@example.com', '(335) 214-5841', '35e773ea-5d44-2dda-26a8-6d513e380bde', 'Phó chủ tịch', '4e272fc4-7875-78d6-7d32-6a1673ffca7c', 'Khối sản xuất', '7AFW4PW7U87', 22132.1441, NULL, 1, '2022-09-16 05:07:33', 'Nguyễn Văn Mạnh', '2022-09-16 05:07:33', 'Nguyễn Văn Mạnh'),
('c39fe11e-804f-417d-9c13-5eca542249e6', 'NV11111', 'Nguyễn Đức Trung', '2022-08-31', 1, '013428807', '2022-08-31', 'CA TP hcm', 'ndt@gmail.com', '0987730624', '3f8e6896-4c7d-15f5-a018-75d8bd200d7c', 'Nhân viên kiểm soát chất lượng', '11452b0c-768e-5ff7-0d63-eeb1d8ed8cef', 'Tổng công ty', '213456', 123456.0000, '2022-08-31', 1, '2022-08-31 23:56:26', 'NVA', '2022-08-31 23:56:26', 'NVB'),
('cc8a7fbc-671c-4b4d-9109-4784b6b1b9af', 'NV99487', 'Nguyễn Minh Giang', NULL, 1, '75233739709', NULL, '37004', 'Abel.Hutton677@example.com', '(335) 214-5841', '35e773ea-5d44-2dda-26a8-6d513e380bde', 'Phó chủ tịch', '4e272fc4-7875-78d6-7d32-6a1673ffca7c', 'Khối sản xuất', '7AFW4PW7U87', 0.0000, NULL, 1, '2022-09-16 05:19:33', 'Nguyễn Văn Mạnh', '2022-09-16 05:19:33', 'Nguyễn Văn Mạnh');

-- 
-- Restore previous SQL mode
-- 
/*!40101 SET SQL_MODE=@OLD_SQL_MODE */;

-- 
-- Enable foreign keys
-- 
/*!40014 SET FOREIGN_KEY_CHECKS = @OLD_FOREIGN_KEY_CHECKS */;